feature,mean_abs_shap,mean_value
diff_team_last_5_point_diff,0.007271000129168979,0.038897976363814535
diff_point_diff_per_game,0.006368839598728884,-0.009793555946901815
diff_team_point_diff_per_game,0.0061670212371617555,-0.009793555946901815
diff_win_pct,0.005062514707954733,0.004604482360073148
diff_last_5_point_diff,0.0047316772969611615,0.038897976363814535
diff_team_win_pct,0.004680812133326286,0.004604482360073148
diff_team_points_for_per_game,0.004666594242806648,0.01420561363344392
diff_team_pbp_off_epa_per_play_avg,0.004659198054657103,0.002702335104882032
home_team_point_diff_per_game,0.004482283689999583,-0.0034117820168292406
diff_points_for_per_game,0.003996651559714546,0.01420561363344392
diff_team_pbp_off_epa_per_play_last_5,0.003940990430331575,0.002403003805539889
diff_team_pbp_off_success_rate_avg,0.0038727823114525673,-0.012010271098539665
diff_team_qb_qb_passing_epa_avg,0.0038409773969005356,-0.013816115544846819
home_team_last_5_point_diff,0.0037023089451767195,0.027069092455598097
diff_team_qb_qb_passing_epa_last_5,0.0032313834170436635,0.008947983732641437
home_team_win_pct,0.003162582464763423,0.013072414239027028
diff_team_pbp_off_pass_epa_avg,0.0031569880281713384,-0.009489018638281123
home_team_points_against_per_game,0.003139068501446721,0.1412009694527891
diff_team_pbp_prev_season_off_epa_per_play,0.002983139568560041,-0.009368716157352254
diff_team_points_against_per_game,0.002956772732814031,0.030473921308116096
diff_team_pbp_off_success_rate_last_5,0.002954287012788445,-0.020531746567465887
away_team_pbp_off_success_rate_avg,0.002947775129931922,0.2761649006731029
away_team_pbp_prev_season_off_epa_per_play,0.002928795940195178,0.3749245497146743
diff_team_qb_qb_passing_epa_last_3,0.002844434231620485,0.005280031166062948
away_team_point_diff_per_game,0.0027692309427119035,0.010344644899174586
diff_team_pbp_def_explosive_allowed_rate_avg,0.0027298932120240938,0.005667746463429611
diff_points_against_per_game,0.002690637240782351,0.030473921308116096
away_team_win_pct,0.0026859023727714647,0.007168024691554914
diff_team_pbp_off_success_rate_last_3,0.00255527932696164,0.013030842670714554
diff_team_pbp_prev_season_off_success_rate,0.002401717131695723,-0.018131595549259687
diff_team_qb_prev_season_qb_passing_epa,0.0024002611555487582,-0.005910193921265319
diff_team_pbp_off_pass_epa_last_5,0.002310208581046305,0.008420017679282165
away_team_pbp_off_success_rate_last_5,0.0023080164220424236,0.26919841503740205
away_team_pbp_off_epa_per_play_avg,0.0022404733597690867,0.2677712922509364
away_team_last_5_point_diff,0.0021813943942266515,-0.02767621388787419
diff_team_pbp_prev_season_off_pass_epa,0.0021059070080368596,-0.00439859795342267
diff_team_pbp_prev_season_def_explosive_allowed_rate,0.0020488609222430554,-0.010998963599561942
diff_team_pbp_off_epa_per_play_last_3,0.0020364278464076254,0.01620167151440523
away_team_pbp_prev_season_off_success_rate,0.0020238756298972104,1.202886437840169
diff_team_pbp_off_pass_epa_last_3,0.0020211953931603423,-0.0017041369858103103
home_team_pbp_off_epa_per_play_last_5,0.0019497657497421766,0.2330686144194359
home_team_pbp_off_epa_per_play_avg,0.0019347599770442362,0.26849942309590547
away_team_pbp_off_pass_epa_avg,0.0018776006174842708,0.06447080549149294
home_team_pbp_off_pass_epa_avg,0.0018173389936009003,0.05256458333346807
home_team_pbp_def_explosive_allowed_rate_last_5,0.0018073982004158222,0.03710060981966396
home_team_qb_qb_passing_epa_avg,0.0017729712306013244,0.004129013630437914
home_team_pbp_off_success_rate_avg,0.0017535962926621721,0.27036333356709824
away_team_pbp_off_success_rate_last_3,0.0017286143832699328,0.261360178711118
home_team_pbp_prev_season_off_success_rate,0.0017124814821599967,1.1814145341174218
home_team_points_for_per_game,0.001702341788797157,0.13265670147937209
away_team_qb_qb_passing_epa_avg,0.001671932703276331,0.02325960429012571
diff_team_roster_size,0.0016590756961812477,0.007814656994808824
away_team_pbp_prev_season_off_pass_epa,0.0016573372338608656,0.1833791404898321
away_team_pbp_prev_season_off_explosive_rate,0.001650477407753053,0.27891587343867036
away_team_pbp_prev_season_def_success_allowed_rate,0.0016290639996904338,1.4128181987772865
home_team_pbp_def_explosive_allowed_rate_avg,0.001627177852467748,0.047996537420751016
home_team_pbp_prev_season_off_epa_per_play,0.0016192581453357696,0.3599461388522156
away_team_points_for_per_game,0.0016092299717830193,0.11768084982274803
diff_team_pbp_prev_season_off_rush_epa,0.0016075891052972577,-0.030607708936448104
diff_team_pbp_def_explosive_allowed_rate_last_5,0.0016016946567342521,-0.01842477506943166
away_team_qb_prev_season_qb_passing_epa,0.001599033226454297,0.10758079597681848
diff_team_pbp_prev_season_def_epa_allowed_per_play,0.001596433688888596,-0.019145257865943056
away_team_pbp_prev_season_def_epa_allowed_per_play,0.0015419210647278198,0.4886785272202
diff_team_qb_qb_passing_tds_avg,0.0015336195853870244,0.03734531739064606
home_team_qb_qb_passing_epa_last_5,0.0015307827329813205,0.001514503522535717
away_team_pbp_off_epa_per_play_last_5,0.0015153239572819179,0.23097471018452026
away_team_pbp_prev_season_off_turnover_rate,0.00151457890494967,-0.7761159686571975
home_team_pbp_off_success_rate_last_5,0.001463221888411831,0.2593121247472037
diff_team_qb_qb_passing_yards_last_5,0.0014308161032378164,-0.011095109893356353
diff_team_pbp_def_epa_allowed_per_play_avg,0.0014275402645260948,0.031459110566301476
home_team_pbp_def_explosive_allowed_rate_last_3,0.001404355012833711,0.03531633139985533
diff_team_pbp_def_success_allowed_rate_avg,0.0013805822234763852,0.01891345188919553
diff_team_qb_prev_season_qb_passing_tds,0.0013800178062821596,0.00020074985983127124
diff_team_qb_qb_passing_cpoe_avg,0.001369215393628693,-0.011054542361849906
diff_team_pbp_prev_season_def_success_allowed_rate,0.001356506456467151,-0.03231130078046373
away_team_qb_qb_passing_tds_avg,0.0013534090692592655,0.15909663896601106
away_team_points_against_per_game,0.0013312719787206683,0.11162964192283768
diff_team_qb_qb_sacks_suffered_avg,0.001323106917630954,0.028903957475533874
away_team_qb_qb_passing_epa_last_5,0.001295690990546036,-0.01099527771760626
home_team_pbp_off_epa_per_play_last_3,0.0012862538867394204,0.23637253077158016
diff_team_pbp_def_epa_allowed_per_play_last_5,0.001238138281110121,-0.047251640174738
away_team_pbp_prev_season_off_rush_epa,0.001179498366793999,0.5119583567380088
diff_team_pbp_prev_season_off_explosive_rate,0.0011675163629783361,-0.010434628823882996
diff_team_qb_qb_passing_yards_last_3,0.0011498068466244014,-0.012521567155476934
home_team_pbp_def_epa_allowed_per_play_avg,0.0011382925325840248,0.32487438270407043
home_team_pbp_off_pass_epa_last_3,0.0011345105599112257,0.04452500749889503
diff_team_pbp_off_explosive_rate_avg,0.0011210489419032855,0.007446611600765826
home_team_pbp_def_success_allowed_rate_last_3,0.0011183992434610985,0.27899854109081396
diff_team_pbp_def_explosive_allowed_rate_last_3,0.0011177439998130854,-0.035817878181931766
diff_team_pbp_prev_season_def_takeaway_rate,0.0011143277297750453,-0.0043392306830653486
home_team_pbp_prev_season_off_rush_epa,0.0011057406113164573,0.47507573601389247
home_team_pbp_off_pass_epa_last_5,0.001097033598377234,0.035654428613808936
home_team_pbp_prev_season_def_explosive_allowed_rate,0.0010931276672907244,0.3188926780889645
home_team_pbp_off_success_rate_last_3,0.0010871446575541185,0.2710420300041428
home_team_pbp_def_success_allowed_rate_last_5,0.0010815719910982403,0.26269614281301856
home_team_qb_qb_passing_epa_last_3,0.0010809193438962499,0.018139656113761015
diff_team_pbp_def_success_allowed_rate_last_5,0.0010601557853868742,-0.034363277905584216
away_team_pbp_off_pass_epa_last_5,0.0010529372971369558,0.02315360700347671
diff_team_qb_prev_season_qb_prev_starter_same_as_prev_game,0.0010371600391843431,-0.007801021282767168
home_team_pbp_def_success_allowed_rate_avg,0.0010330243865000158,0.2839844780784256
home_team_pbp_prev_season_off_turnover_rate,0.0010092447763245898,-0.7688388396173583
away_team_pbp_off_epa_per_play_last_3,0.0010063882745715497,0.21477472250905347
home_team_qb_prev_season_qb_passing_epa,0.0009994661529605436,0.09889815231239889
diff_team_qb_qb_passing_tds_last_3,0.0009992174664325097,0.062358563230324106
diff_team_qb_prev_season_qb_sacks_suffered,0.0009988115399155626,0.0014739936590211894
diff_team_qb_qb_passing_tds_last_5,0.0009860779916677598,0.051214626682791684
diff_team_pbp_def_success_allowed_rate_last_3,0.0009715559919979423,0.021247247685628176
away_team_qb_qb_passing_cpoe_avg,0.0009679111013993771,0.145951679669619
diff_team_qb_qb_passing_cpoe_last_5,0.0009676128646414288,0.015685118493225375
diff_team_pbp_off_rush_epa_last_5,0.0009674961606350158,0.00814061179224293
home_team_pbp_prev_season_def_takeaway_rate,0.0009651028673765466,-0.8263493730604337
away_team_pbp_prev_season_def_explosive_allowed_rate,0.0009539737822404145,0.33462443519315904
away_team_qb_qb_passing_yards_last_3,0.0009506439407255527,0.04774218959755551
away_team_qb_qb_passing_epa_last_3,0.000943951694121586,0.010689364004025684
diff_team_pbp_def_epa_allowed_per_play_last_3,0.000939097685929061,0.018693569629595536
diff_team_pbp_off_rush_epa_avg,0.0009354538264052242,0.020902223103348272
away_team_pbp_off_pass_epa_last_3,0.0009210945469301258,0.045236209556130724
home_team_pbp_prev_season_def_epa_allowed_per_play,0.0009054930176803198,0.46665808689381943
diff_team_pbp_off_pass_rate_avg,0.000900738481556472,-1.8012553494026758e-05
home_team_pbp_def_takeaway_rate_avg,0.0008928207526126776,-0.47059347525416995
diff_team_pbp_prev_season_off_turnover_rate,0.000888232979712542,0.005058421502920905
home_team_qb_qb_passing_cpoe_last_5,0.0008833650268534675,0.08483231651137645
diff_team_qb_qb_passing_yards_avg,0.0008776554222988489,-0.018309154061460577
away_team_qb_qb_passing_yards_avg,0.0008760951916304064,0.03745241262867003
away_team_qb_qb_passing_tds_last_5,0.0008754831394148995,0.12120246350152308
home_team_pbp_prev_season_def_success_allowed_rate,0.0008660403610171596,1.383836037257147
away_team_qb_prev_season_qb_passing_tds,0.0008575072109279589,0.22468522473064598
home_team_qb_qb_passing_yards_last_5,0.0008077478421364988,0.028324347109198462
diff_team_roster_rookie_count,0.0008020446558632308,0.06653136807427226
home_team_pbp_def_epa_allowed_per_play_last_5,0.000800231296895408,0.23507091596764923
home_team_pbp_prev_season_off_pass_rate,0.0007940840712924677,0.00962499606438818
away_team_pbp_off_rush_epa_avg,0.0007939875155312099,0.4908567577323017
season,0.0007900806187107037,1.6194240388920043
home_team_pbp_def_epa_allowed_per_play_last_3,0.0007884244084290754,0.26463862251683706
home_team_qb_qb_sacks_suffered_avg,0.0007876441724540295,0.15808748215387447
away_team_pbp_off_rush_epa_last_5,0.0007861567127668624,0.4200074663503582
diff_team_qb_prev_season_qb_passing_cpoe,0.0007832645264169807,-0.012919280883090281
diff_team_pbp_prev_season_off_pass_rate,0.0007828041768849662,0.008813157328103102
away_team_pbp_off_explosive_rate_avg,0.0007783796509935455,0.03468438356759543
away_team_pbp_def_epa_allowed_per_play_avg,0.000772478519235784,0.272828549009522
diff_team_qb_qb_passing_cpoe_last_3,0.0007724154298328767,-0.00785705312193878
home_team_pbp_def_takeaway_rate_last_3,0.0007712693636672772,-0.35255907085081867
diff_team_qb_qb_sacks_suffered_last_5,0.0007686979097736566,0.007344989538341951
away_team_qb_qb_passing_yards_last_5,0.0007684309974952828,0.04022251273240547
away_team_pbp_prev_season_def_takeaway_rate,0.0007638379848621928,-0.8231313473524591
diff_team_pbp_off_turnover_rate_avg,0.0007514804053545281,-0.01753705282204976
home_team_qb_qb_passing_yards_last_3,0.0007453902362500642,0.033996089701172606
diff_team_qb_qb_prev_starter_same_as_prev_game_avg,0.000738517423361962,0.01281541596115749
home_team_pbp_prev_season_off_pass_epa,0.0007375602943395907,0.17628919517912914
away_team_qb_prev_season_qb_passing_yards,0.0007287462714642977,0.15719012021130516
away_team_pbp_off_explosive_rate_last_3,0.0007269811387393216,0.04908840016414242
away_team_pbp_def_success_allowed_rate_last_5,0.0007130609376307799,0.2781569628726321
away_team_qb_prev_season_qb_passing_cpoe,0.0007048831614708976,0.411244191445383
away_team_pbp_off_explosive_rate_last_5,0.0007023724721468817,0.027830795856689
diff_team_qb_prev_season_qb_passing_yards,0.0007011765737441962,-0.00592130790804831
home_team_qb_qb_sacks_suffered_last_5,0.0007000015993312463,0.1434892413046527
away_team_pbp_def_success_allowed_rate_avg,0.0006978962084520404,0.27434174396588024
home_team_pbp_prev_season_off_explosive_rate,0.0006966772050479211,0.26406300764850776
home_team_qb_prev_season_qb_sacks_suffered,0.0006929615234000204,0.2521677152670337
away_team_qb_prev_season_qb_sacks_suffered,0.0006896961376149655,0.2500072986056338
diff_team_pbp_def_takeaway_rate_avg,0.0006770993495159078,-0.005661484581382041
home_team_qb_qb_passing_cpoe_last_3,0.0006765569493826514,0.07595862802972328
away_team_pbp_def_epa_allowed_per_play_last_5,0.0006736707796557163,0.2898230446878448
diff_team_pbp_off_explosive_rate_last_5,0.000666673958417169,0.01603658393708665
away_team_pbp_off_turnover_rate_avg,0.0006654022365604723,-0.46528183715752175
diff_team_pbp_off_rush_epa_last_3,0.00066472429163948,0.059712794398266544
diff_team_roster_avg_years_exp,0.0006595209565380357,-0.03008295044162748
away_team_qb_prev_season_qb_passing_interceptions,0.0006476308351137766,-0.427680971116297
away_team_pbp_off_rush_epa_last_3,0.0006468840993334392,0.3239256970178335
home_team_roster_skill_count,0.0006265417210786075,0.8124408432814573
away_team_pbp_def_success_allowed_rate_last_3,0.0006259190980357413,0.26637652756097097
away_team_qb_qb_prev_starter_same_as_prev_game_avg,0.0006258172923968515,0.10208040843193508
away_team_pbp_off_pass_rate_last_3,0.0006232011317974649,-0.009450815996893888
diff_team_pbp_off_explosive_rate_last_3,0.000620967403440461,-0.016422038327891304
home_team_qb_qb_prev_starter_same_as_prev_game_avg,0.0005982394255012116,0.11105593361672068
home_team_qb_qb_passing_cpoe_avg,0.0005980966234818033,0.12753943630596026
week,0.0005979552279782004,0.07953975825733324
home_team_qb_qb_passing_tds_avg,0.000597061875514973,0.20913166465587027
away_team_qb_prev_season_qb_prev_starter_same_as_prev_game,0.0005892026750169818,0.26385239816229833
diff_team_roster_skill_count,0.0005828271674956948,-0.0008854405292101398
away_team_pbp_off_turnover_rate_last_5,0.0005794799218027668,-0.36712776875991304
away_team_pbp_def_explosive_allowed_rate_last_5,0.0005790155816338744,0.05361656219536556
diff_team_pbp_off_pass_rate_last_5,0.0005787562405872228,-0.022757051632677605
home_team_pbp_off_rush_epa_last_5,0.0005756390877437399,0.41962724557264874
away_team_pbp_def_explosive_allowed_rate_avg,0.0005752482598822122,0.04057458076192256
home_team_pbp_off_explosive_rate_avg,0.0005729285176692096,0.0423854712821515
diff_team_injury_out_count,0.0005705761599551442,-0.030110036472664543
away_team_pbp_off_pass_rate_avg,0.0005704992726813104,-0.0054226256852248095
home_team_pbp_def_takeaway_rate_last_5,0.0005665014089368047,-0.39935572121415047
home_team_games_played,0.0005643472979421934,0.09401378192634115
diff_team_qb_prev_season_qb_passing_interceptions,0.0005614346069164217,-0.0038495184676123066
away_team_pbp_def_epa_allowed_per_play_last_3,0.0005550963153163346,0.23380202984401552
home_team_qb_prev_season_qb_passing_cpoe,0.0005528911271480228,0.39504550512597836
away_team_games_played,0.0005510804707190557,0.0922686196678776
home_team_pbp_off_rush_epa_last_3,0.0005502278478724271,0.39203742011107096
home_team_qb_qb_attempts_last_3,0.0005447319806464574,0.03642275244917058
home_team_pbp_off_turnover_rate_avg,0.0005370535198571902,-0.48379876804317856
home_team_roster_avg_years_exp,0.0005307271719620109,-0.09786825044903823
home_team_qb_qb_attempts_last_5,0.0005296048131846522,0.04317848142398237
diff_team_pbp_off_turnover_rate_last_5,0.0005288702382198323,-0.04466922269737003
home_team_roster_size,0.0005268218055547918,0.9947269682123637
away_team_qb_qb_passing_interceptions_avg,0.0005255112105787695,-0.28150328786036244
home_team_qb_prev_season_qb_passing_tds,0.0005188323619779041,0.224457416492932
diff_team_pbp_def_takeaway_rate_last_5,0.0005183573462633119,0.004995040448526613
away_team_qb_qb_attempts_last_5,0.0005164283393811424,0.05795099525230713
away_team_qb_qb_passing_cpoe_last_3,0.0005131115433327735,0.08892031185629783
away_team_pbp_off_pass_rate_last_5,0.0005072211567040801,-0.003823298079552217
home_team_pbp_off_explosive_rate_last_3,0.0005026245769201321,0.0323675936117878
away_team_pbp_off_turnover_rate_last_3,0.0004974831724698311,-0.3158652331500649
home_team_qb_qb_attempts_avg,0.0004953841025316945,0.051697845469496996
away_team_qb_qb_passing_tds_last_3,0.0004948447330391098,0.11039887354843216
away_team_qb_qb_attempts_last_3,0.0004904920744172815,0.05470579926884854
away_team_pbp_def_explosive_allowed_rate_last_3,0.0004891232231805576,0.06808235421276436
diff_team_qb_qb_sacks_suffered_last_3,0.0004874589221209688,-0.0014383352898947402
away_team_pbp_def_takeaway_rate_avg,0.0004874232422429575,-0.45779334270874283
diff_team_qb_qb_attempts_avg,0.00048586799459019396,-0.014410464715806924
home_team_qb_qb_passing_yards_avg,0.00048503383586387795,0.017930165347295874
diff_team_qb_qb_attempts_last_5,0.0004842650578449438,-0.014063173730094613
home_team_pbp_off_rush_epa_avg,0.00047982697469901804,0.5029829048355349
away_team_pbp_prev_season_off_pass_rate,0.00047782078366604623,-0.003995700091360334
diff_team_pbp_off_pass_rate_last_3,0.0004757569367962611,-0.011938005272549655
diff_team_qb_qb_attempts_last_3,0.00047349012920917864,-0.01701323638874331
home_team_roster_ol_count,0.0004728043729351914,1.083790370621118
home_team_pbp_off_explosive_rate_last_5,0.0004722965239593344,0.04392747919415672
diff_team_qb_qb_passing_interceptions_avg,0.00047014208721611047,-0.010522906463267253
diff_team_injury_questionable_count,0.00046386851024018266,-0.014190269722558645
away_team_qb_qb_sacks_suffered_avg,0.0004543615976264557,0.1210557789010959
home_team_pbp_off_turnover_rate_last_3,0.00045393074877005997,-0.3794789085448712
away_team_qb_qb_sacks_suffered_last_5,0.00045020818302691677,0.13324671027077212
away_team_qb_prev_season_qb_attempts,0.00044767006474039783,0.0933525152482219
away_team_pbp_def_takeaway_rate_last_3,0.0004465384621706827,-0.35242041761896076
temp,0.0004449992970456327,-0.003694672001035426
home_team_qb_prev_season_qb_prev_starter_same_as_prev_game,0.00043958751893058824,0.25251207733988223
home_team_pbp_off_pass_rate_avg,0.0004345925579018944,-0.0037144750058564443
away_team_qb_qb_attempts_avg,0.0004335757068236568,0.06659658011196566
away_team_qb_qb_passing_cpoe_last_5,0.00043204578217644247,0.06377149465028215
home_team_pbp_off_turnover_rate_last_5,0.00042330722103832533,-0.4214336256858898
home_team_qb_qb_prev_starter_same_as_prev_game_last_3,0.0004176903330200326,0.11479450401476106
diff_team_roster_ol_count,0.00040939497196577424,0.002537159988487122
away_team_qb_qb_prev_starter_same_as_prev_game_last_5,0.0004050028501972282,0.09031319375430537
away_team_roster_avg_years_exp,0.00040283003614097895,-0.06255676179986232
away_team_injury_out_count,0.00040014831457863535,0.4790621263823343
home_team_pbp_off_pass_rate_last_5,0.0003978766498255367,-0.01503802494808604
diff_team_pbp_def_takeaway_rate_last_3,0.00039614527836552717,0.004623349003692074
home_team_qb_prev_season_qb_passing_yards,0.0003943584549548972,0.14869613931017917
away_team_pbp_def_takeaway_rate_last_5,0.0003941103320407739,-0.3972925554051276
diff_team_injury_report_count,0.00039090935109124694,-0.0564439547064558
home_team_roster_rookie_count,0.00039019285427979055,0.6684361998190558
home_team_qb_qb_passing_tds_last_5,0.0003884290018276217,0.18946497100650286
diff_team_pbp_off_turnover_rate_last_3,0.0003830328596430704,-0.04922798284743423
home_team_qb_prev_season_qb_attempts,0.0003816773215751541,0.09348378888890627
home_team_qb_qb_sacks_suffered_last_3,0.00037927569385218425,0.12521093673926215
home_team_qb_qb_passing_interceptions_avg,0.0003744245367629401,-0.2939763357270157
diff_team_qb_prev_season_qb_attempts,0.00036368708888276043,0.0005267813721349696
away_team_injury_report_count,0.0003632321374215937,0.3838368811179614
home_team_pbp_off_pass_rate_last_3,0.0003597049718026997,-0.01625691814203954
home_team_injury_report_count,0.00035060119938459485,0.31082455956440935
home_team_qb_prev_season_qb_passing_interceptions,0.0003500932562163331,-0.4326449947941835
home_team_injury_out_count,0.00034865205505812193,0.44119017282426576
diff_team_qb_qb_prev_starter_same_as_prev_game_last_5,0.0003473185629904768,0.016465775195471974
away_team_roster_ol_count,0.00034558275265802666,1.084669880581258
away_team_roster_size,0.00034512925859245963,0.9928293459750296
away_team_injury_skill_out_count,0.0003402826250711453,0.6084765606382461
home_team_qb_qb_passing_tds_last_3,0.000336496000022728,0.19355461301542057
away_team_injury_questionable_count,0.00033414100938087594,-0.05391862661034569
diff_team_injury_qb_out,0.0003252855066761388,0.049842097220074016
home_team_injury_qb_out,0.00032052835862714934,0.282447503875334
away_team_qb_qb_passing_interceptions_last_5,0.0003115557562848934,-0.21561793605195312
diff_team_injury_skill_out_count,0.00030729368014770697,-0.1009071008058826
away_team_roster_rookie_count,0.00028879614415510703,0.6209661847351365
diff_team_roster_qb_count,0.00028649411690615163,-0.03005524129814716
away_team_qb_qb_prev_starter_same_as_prev_game_last_3,0.00028170063934581865,0.06857626160300478
home_team_qb_qb_passing_interceptions_last_5,0.00028105080317970674,-0.2497173589935265
away_team_roster_skill_count,0.0002737900864857914,0.8126959366429973
home_team_injury_questionable_count,0.00026184597685977284,-0.07352268716855252
away_team_qb_qb_sacks_suffered_last_3,0.00025913581249956586,0.12715849068049379
home_team_qb_qb_prev_starter_same_as_prev_game_last_5,0.00025539868901827375,0.10274458263193333
diff_team_qb_qb_passing_interceptions_last_5,0.00025160807154973706,-0.0255880092129775
diff_team_injury_line_out_count,0.00022832677527623624,-0.016797703772351538
diff_team_qb_qb_passing_interceptions_last_3,0.00022189482808585335,-0.021875080631758387
wind,0.0002065454604375147,-0.08730932650343189
diff_team_qb_qb_prev_starter_same_as_prev_game_last_3,0.00020170424455474584,0.05627423103533119
home_team_qb_qb_passing_interceptions_last_3,0.00019869077414704067,-0.21852364700951396
away_team_qb_qb_passing_interceptions_last_3,0.00019719276657284904,-0.18894942992360014
home_team_injury_line_out_count,0.0001890685370768791,0.2993896264995451
surface_grass,0.00018886223402957418,0.5461254612546126
away_team_rest_days,0.00018866485979333032,-0.017180313428036536
home_team_injury_skill_out_count,0.00018199920887738725,0.5007034920736616
diff_team_rest_days,0.0001762670067530635,0.010098937038596378
home_team_roster_qb_count,0.0001672163906538055,0.5977325539705978
away_team_injury_line_out_count,0.0001591012021637558,0.32078645779872467
div_game,0.00014860007961294732,-0.06465303703276715
home_team_rest_days,0.00012520938524321183,-0.0045903803514842495
away_team_roster_qb_count,0.00011719535062102349,0.6284415487059133
diff_games_played,0.00010369407391862467,0.01909229022540137
home_team_WAS,0.00010338737451763845,0.02952029520295203
surface_fieldturf,9.328291736240588e-05,0.24354243542435425
diff_team_games_played,9.102927033639505e-05,0.01909229022540137
roof_outdoors,8.529211955919007e-05,0.6642066420664207
away_team_NE,8.460061572375543e-05,0.02952029520295203
away_team_PIT,8.254501877970437e-05,0.02952029520295203
home_team_CLE,8.099137080143731e-05,0.033210332103321034
roof_closed,7.859215104797783e-05,0.15129151291512916
surface_sportturf,7.26932248594522e-05,0.05904059040590406
away_team_PHI,7.046618168377854e-05,0.033210332103321034
roof_dome,6.68392799285676e-05,0.18450184501845018
home_team_PIT,5.9874998309298255e-05,0.033210332103321034
home_team_ARI,4.797888930050214e-05,0.02952029520295203
away_team_NO,4.100512862374486e-05,0.033210332103321034
home_team_JAX,4.0876091713816906e-05,0.033210332103321034
home_team_TB,4.034111083403203e-05,0.02952029520295203
away_team_CLE,4.0146162618425566e-05,0.02952029520295203
away_team_injury_qb_out,3.936355807136755e-05,0.20224193871731322
home_team_HOU,3.6311487912195115e-05,0.033210332103321034
home_team_MIN,3.58659088913152e-05,0.02952029520295203
away_team_TB,3.498417760113936e-05,0.033210332103321034
home_team_ATL,3.4977684517067426e-05,0.02952029520295203
home_team_DEN,3.3796158292071595e-05,0.033210332103321034
home_team_KC,3.086936298883119e-05,0.033210332103321034
home_team_BAL,3.069883532947076e-05,0.033210332103321034
home_team_NYG,2.9097918241352156e-05,0.02952029520295203
home_team_CAR,2.8472933557221854e-05,0.02952029520295203
away_team_MIN,2.7683580573326406e-05,0.033210332103321034
away_team_TEN,2.7648367532860435e-05,0.02952029520295203
surface_astroturf,2.7448928747484964e-05,0.033210332103321034
home_team_CIN,2.7381596140029902e-05,0.033210332103321034
away_team_DET,2.7011092239526024e-05,0.033210332103321034
home_team_PHI,2.653384365909214e-05,0.02952029520295203
home_team_NYJ,2.5334016954380288e-05,0.033210332103321034
home_team_NO,2.4387001615453833e-05,0.02952029520295203
home_team_NE,2.415879728218664e-05,0.033210332103321034
away_team_BUF,2.415041585278917e-05,0.02952029520295203
away_team_NYJ,2.2844318812171263e-05,0.02952029520295203
away_team_MIA,2.209288272437343e-05,0.02952029520295203
home_team_TEN,2.1561608067258115e-05,0.033210332103321034
away_team_DAL,2.1078427411448045e-05,0.033210332103321034
away_team_ARI,2.099156161064623e-05,0.033210332103321034
away_team_GB,2.0959280760002433e-05,0.02952029520295203
surface_matrixturf,2.070822870316879e-05,0.08487084870848709
away_team_BAL,2.034202361831566e-05,0.02952029520295203
away_team_ATL,2.0229479610800336e-05,0.033210332103321034
away_team_WAS,2.00376162936075e-05,0.033210332103321034
away_team_DEN,1.9306975854038128e-05,0.02952029520295203
home_team_DET,1.923846767141744e-05,0.02952029520295203
away_team_JAX,1.9228067179282576e-05,0.02952029520295203
away_team_IND,1.9223837419133036e-05,0.02952029520295203
home_team_BUF,1.8546358973076445e-05,0.033210332103321034
home_team_SF,1.838760424632118e-05,0.02952029520295203
away_team_KC,1.7114486547382478e-05,0.02952029520295203
home_team_MIA,1.6767872399393737e-05,0.033210332103321034
home_team_IND,1.6534994783352475e-05,0.033210332103321034
home_team_GB,1.65299962787654e-05,0.02952029520295203
home_team_DAL,1.645386230187941e-05,0.025830258302583026
away_team_NYG,1.6217299309998272e-05,0.033210332103321034
away_team_CAR,1.5611231607906302e-05,0.033210332103321034
away_team_SEA,1.398590766671225e-05,0.033210332103321034
home_team_CHI,1.3432238158586901e-05,0.02952029520295203
away_team_LV,1.3269388428997366e-05,0.02952029520295203
home_team_SD,1.284849815477003e-05,0.0
away_team_CHI,1.1966107722430987e-05,0.033210332103321034
home_team_LA,1.167970212566269e-05,0.02952029520295203
away_team_SF,1.1307345452816752e-05,0.033210332103321034
home_team_LV,1.1304555170771844e-05,0.033210332103321034
home_team_LAC,1.0006317098548986e-05,0.033210332103321034
home_team_SEA,9.934544280316235e-06,0.02952029520295203
away_team_CIN,9.800882568004626e-06,0.02952029520295203
away_team_LA,9.52602410390364e-06,0.033210332103321034
home_team_OAK,8.902595702638183e-06,0.0
away_team_SD,8.399280064628913e-06,0.0
away_team_HOU,8.108486563286499e-06,0.02952029520295203
away_team_OAK,7.26471834916226e-06,0.0
surface_astroplay,6.829057798392571e-06,0.0
roof_open,6.581958664986383e-06,0.0
away_team_LAC,6.371321565921679e-06,0.02952029520295203
surface_grass ,5.636430073687129e-06,0.0
away_team_STL,5.4219245580601834e-06,0.0
surface_a_turf,4.446054245563921e-06,0.033210332103321034
home_team_STL,2.9122791509494147e-06,0.0
surface_dessograss,2.87075304979038e-06,0.0
home_team_roster_active_count,0.0,0.0
away_team_roster_active_count,0.0,0.0
game_type_REG,0.0,1.0
diff_team_roster_active_count,0.0,0.0
