game_id,season,week,gameday,away_team,home_team,home_win_probability,away_win_probability,predicted_winner
2026_01_NE_SEA,2026,1,2026-09-10T00:20Z,NE,SEA,0.49523500146679633,0.5047649985332037,NE
2026_01_SF_LA,2026,1,2026-09-11T00:35Z,SF,LA,0.526661756117848,0.47333824388215195,LA
2026_01_ATL_PIT,2026,1,2026-09-13T17:00Z,ATL,PIT,0.5543662645679609,0.4456337354320391,PIT
2026_01_BAL_IND,2026,1,2026-09-13T17:00Z,BAL,IND,0.4241611194962145,0.5758388805037855,BAL
2026_01_BUF_HOU,2026,1,2026-09-13T17:00Z,BUF,HOU,0.46971504237834827,0.5302849576216517,BUF
2026_01_CHI_CAR,2026,1,2026-09-13T17:00Z,CHI,CAR,0.4764186168091471,0.5235813831908529,CHI
2026_01_CLE_JAX,2026,1,2026-09-13T17:00Z,CLE,JAX,0.6812093843810437,0.3187906156189563,JAX
2026_01_NO_DET,2026,1,2026-09-13T17:00Z,NO,DET,0.6201008378080961,0.3798991621919039,DET
2026_01_NYJ_TEN,2026,1,2026-09-13T17:00Z,NYJ,TEN,0.5907549197243387,0.4092450802756613,TEN
2026_01_TB_CIN,2026,1,2026-09-13T17:00Z,TB,CIN,0.5353284846941353,0.4646715153058647,CIN
2026_01_ARI_LAC,2026,1,2026-09-13T20:25Z,ARI,LAC,0.5619130681917216,0.4380869318082784,LAC
2026_01_GB_MIN,2026,1,2026-09-13T20:25Z,GB,MIN,0.46851405041809796,0.531485949581902,GB
2026_01_MIA_LV,2026,1,2026-09-13T20:25Z,MIA,LV,0.4660676231013634,0.5339323768986366,MIA
2026_01_WAS_PHI,2026,1,2026-09-13T20:25Z,WAS,PHI,0.5702529628472077,0.4297470371527923,PHI
2026_01_DAL_NYG,2026,1,2026-09-14T00:20Z,DAL,NYG,0.44292993413802584,0.5570700658619742,DAL
2026_01_DEN_KC,2026,1,2026-09-15T00:15Z,DEN,KC,0.45477361005936223,0.5452263899406378,DEN
2026_02_DET_BUF,2026,2,2026-09-18T00:15Z,DET,BUF,0.5512235660977584,0.44877643390224164,BUF
2026_02_CAR_ATL,2026,2,2026-09-20T17:00Z,CAR,ATL,0.6228697587601535,0.3771302412398465,ATL
2026_02_CIN_HOU,2026,2,2026-09-20T17:00Z,CIN,HOU,0.4984356276618098,0.5015643723381902,CIN
2026_02_CLE_TB,2026,2,2026-09-20T17:00Z,CLE,TB,0.6685846007025669,0.33141539929743313,TB
2026_02_GB_NYJ,2026,2,2026-09-20T17:00Z,GB,NYJ,0.3764244067019081,0.623575593298092,GB
2026_02_MIN_CHI,2026,2,2026-09-20T17:00Z,MIN,CHI,0.5626300045634816,0.43736999543651844,CHI
2026_02_NO_BAL,2026,2,2026-09-20T17:00Z,NO,BAL,0.5864611533536698,0.4135388466463302,BAL
2026_02_PHI_TEN,2026,2,2026-09-20T17:00Z,PHI,TEN,0.3729479508382781,0.627052049161722,PHI
2026_02_PIT_NE,2026,2,2026-09-20T17:00Z,PIT,NE,0.6345419653257741,0.3654580346742259,NE
2026_02_JAX_DEN,2026,2,2026-09-20T20:05Z,JAX,DEN,0.5847049751571197,0.4152950248428803,DEN
2026_02_LV_LAC,2026,2,2026-09-20T20:05Z,LV,LAC,0.6881808573726774,0.3118191426273226,LAC
2026_02_MIA_SF,2026,2,2026-09-20T20:25Z,MIA,SF,0.6688364611403481,0.3311635388596519,SF
2026_02_SEA_ARI,2026,2,2026-09-20T20:25Z,SEA,ARI,0.449091368774484,0.550908631225516,SEA
2026_02_WAS_DAL,2026,2,2026-09-20T20:25Z,WAS,DAL,0.4862889540588149,0.5137110459411851,WAS
2026_02_IND_KC,2026,2,2026-09-21T00:20Z,IND,KC,0.5684398518508416,0.43156014814915844,KC
2026_02_NYG_LA,2026,2,2026-09-22T00:15Z,NYG,LA,0.6853191790763535,0.31468082092364646,LA
2026_03_ATL_GB,2026,3,2026-09-25T00:15Z,ATL,GB,0.6029250832313471,0.3970749167686529,GB
2026_03_CAR_CLE,2026,3,2026-09-27T17:00Z,CAR,CLE,0.4927610668952732,0.5072389331047268,CAR
2026_03_CIN_PIT,2026,3,2026-09-27T17:00Z,CIN,PIT,0.5050002184369413,0.4949997815630587,PIT
2026_03_HOU_IND,2026,3,2026-09-27T17:00Z,HOU,IND,0.4888583761731507,0.5111416238268494,HOU
2026_03_KC_MIA,2026,3,2026-09-27T17:00Z,KC,MIA,0.5055820756991639,0.4944179243008361,MIA
2026_03_LAC_BUF,2026,3,2026-09-27T17:00Z,LAC,BUF,0.5889441154878152,0.4110558845121848,BUF
2026_03_NE_JAX,2026,3,2026-09-27T17:00Z,NE,JAX,0.5189026908996376,0.4810973091003624,JAX
2026_03_NYJ_DET,2026,3,2026-09-27T17:00Z,NYJ,DET,0.6731885503372004,0.3268114496627996,DET
2026_03_SEA_WAS,2026,3,2026-09-27T17:00Z,SEA,WAS,0.4808691735179432,0.5191308264820568,SEA
2026_03_TEN_NYG,2026,3,2026-09-27T17:00Z,TEN,NYG,0.5417351831006657,0.4582648168993343,NYG
2026_03_ARI_SF,2026,3,2026-09-27T20:05Z,ARI,SF,0.6498826596836481,0.3501173403163519,SF
2026_03_MIN_TB,2026,3,2026-09-27T20:05Z,MIN,TB,0.5703632312228041,0.4296367687771959,TB
2026_03_BAL_DAL,2026,3,2026-09-27T20:25Z,BAL,DAL,0.4281828774285301,0.5718171225714699,BAL
2026_03_LV_NO,2026,3,2026-09-27T20:25Z,LV,NO,0.6385008013278427,0.3614991986721573,NO
2026_03_LA_DEN,2026,3,2026-09-28T00:20Z,LA,DEN,0.5475792170711925,0.4524207829288075,DEN
2026_03_PHI_CHI,2026,3,2026-09-29T00:15Z,PHI,CHI,0.5168229110363084,0.4831770889636916,CHI
2026_04_PIT_CLE,2026,4,2026-10-02T00:15Z,PIT,CLE,0.4112426380819355,0.5887573619180645,PIT
2026_04_IND_WAS,2026,4,2026-10-04T13:30Z,IND,WAS,0.5640096003655068,0.43599039963449315,WAS
2026_04_ARI_NYG,2026,4,2026-10-04T17:00Z,ARI,NYG,0.43279137256363626,0.5672086274363637,ARI
2026_04_DAL_HOU,2026,4,2026-10-04T17:00Z,DAL,HOU,0.5578948835837145,0.44210511641628547,HOU
2026_04_GB_TB,2026,4,2026-10-04T17:00Z,GB,TB,0.4774088455046533,0.5225911544953468,GB
2026_04_JAX_CIN,2026,4,2026-10-04T17:00Z,JAX,CIN,0.5452904989859194,0.4547095010140806,CIN
2026_04_LA_PHI,2026,4,2026-10-04T17:00Z,LA,PHI,0.5447505809203681,0.4552494190796319,PHI
2026_04_NE_BUF,2026,4,2026-10-04T17:00Z,NE,BUF,0.4975019108610226,0.5024980891389774,NE
2026_04_NYJ_CHI,2026,4,2026-10-04T17:00Z,NYJ,CHI,0.6279081798559021,0.3720918201440979,CHI
2026_04_TEN_BAL,2026,4,2026-10-04T17:00Z,TEN,BAL,0.6531937089504364,0.3468062910495636,BAL
2026_04_MIA_MIN,2026,4,2026-10-04T20:05Z,MIA,MIN,0.5660826455276938,0.43391735447230617,MIN
2026_04_DEN_SF,2026,4,2026-10-04T20:25Z,DEN,SF,0.5862562537331406,0.4137437462668594,SF
2026_04_KC_LV,2026,4,2026-10-04T20:25Z,KC,LV,0.43017352930525543,0.5698264706947446,KC
2026_04_LAC_SEA,2026,4,2026-10-04T20:25Z,LAC,SEA,0.60217577725933,0.39782422274067,SEA
2026_04_DET_CAR,2026,4,2026-10-05T00:20Z,DET,CAR,0.4290915175934342,0.5709084824065658,DET
2026_04_ATL_NO,2026,4,2026-10-06T00:15Z,ATL,NO,0.5064190767276973,0.49358092327230274,NO
2026_05_TB_DAL,2026,5,2026-10-09T00:15Z,TB,DAL,0.46873067142424807,0.5312693285757519,TB
2026_05_PHI_JAX,2026,5,2026-10-11T13:30Z,PHI,JAX,0.5351870706709293,0.4648129293290707,JAX
2026_05_CIN_MIA,2026,5,2026-10-11T17:00Z,CIN,MIA,0.48496380623836916,0.5150361937616308,CIN
2026_05_CLE_NYJ,2026,5,2026-10-11T17:00Z,CLE,NYJ,0.5638003333141248,0.4361996666858752,NYJ
2026_05_HOU_TEN,2026,5,2026-10-11T17:00Z,HOU,TEN,0.4659978099551931,0.5340021900448069,HOU
2026_05_IND_PIT,2026,5,2026-10-11T17:00Z,IND,PIT,0.6103695385174347,0.3896304614825653,PIT
2026_05_LV_NE,2026,5,2026-10-11T17:00Z,LV,NE,0.6972002337494214,0.3027997662505786,NE
2026_05_MIN_NO,2026,5,2026-10-11T17:00Z,MIN,NO,0.545954613853209,0.454045386146791,NO
2026_05_NYG_WAS,2026,5,2026-10-11T17:00Z,NYG,WAS,0.6168650582558416,0.3831349417441584,WAS
2026_05_DEN_LAC,2026,5,2026-10-11T20:05Z,DEN,LAC,0.48065504890104366,0.5193449510989563,DEN
2026_05_CHI_GB,2026,5,2026-10-11T20:25Z,CHI,GB,0.5899374575328626,0.41006254246713736,GB
2026_05_DET_ARI,2026,5,2026-10-11T20:25Z,DET,ARI,0.4381576961827826,0.5618423038172173,DET
2026_05_SF_SEA,2026,5,2026-10-11T20:25Z,SF,SEA,0.47342257584510783,0.5265774241548922,SF
2026_05_BAL_ATL,2026,5,2026-10-12T00:20Z,BAL,ATL,0.45096773367247833,0.5490322663275217,BAL
2026_05_BUF_LA,2026,5,2026-10-13T00:15Z,BUF,LA,0.5335374445607837,0.46646255543921633,LA
2026_06_SEA_DEN,2026,6,2026-10-16T00:15Z,SEA,DEN,0.5874581576052732,0.4125418423947268,DEN
2026_06_HOU_JAX,2026,6,2026-10-18T13:30Z,HOU,JAX,0.6210468727961197,0.3789531272038803,JAX
2026_06_BAL_CLE,2026,6,2026-10-18T17:00Z,BAL,CLE,0.3964497630183233,0.6035502369816768,BAL
2026_06_CAR_PHI,2026,6,2026-10-18T17:00Z,CAR,PHI,0.6697466719701076,0.3302533280298924,PHI
2026_06_CHI_ATL,2026,6,2026-10-18T17:00Z,CHI,ATL,0.5422435472531327,0.45775645274686727,ATL
2026_06_NO_NYG,2026,6,2026-10-18T17:00Z,NO,NYG,0.480786456645338,0.5192135433546621,NO
2026_06_NYJ_NE,2026,6,2026-10-18T17:00Z,NYJ,NE,0.6563230380075062,0.34367696199249376,NE
2026_06_PIT_TB,2026,6,2026-10-18T17:00Z,PIT,TB,0.5579206762196134,0.4420793237803866,TB
2026_06_TEN_IND,2026,6,2026-10-18T17:00Z,TEN,IND,0.5944625483895873,0.40553745161041266,IND
2026_06_ARI_LA,2026,6,2026-10-18T20:05Z,ARI,LA,0.6129376317484818,0.3870623682515182,LA
2026_06_BUF_LV,2026,6,2026-10-18T20:25Z,BUF,LV,0.38406852391447127,0.6159314760855288,BUF
2026_06_LAC_KC,2026,6,2026-10-18T20:25Z,LAC,KC,0.5025430133492177,0.4974569866507823,KC
2026_06_DAL_GB,2026,6,2026-10-19T00:20Z,DAL,GB,0.5898201944720236,0.4101798055279764,GB
2026_06_WAS_SF,2026,6,2026-10-20T00:15Z,WAS,SF,0.5992579965072833,0.4007420034927167,SF
2026_07_NE_CHI,2026,7,2026-10-23T00:15Z,NE,CHI,0.4570764967691402,0.5429235032308598,NE
2026_07_PIT_NO,2026,7,2026-10-25T13:30Z,PIT,NO,0.5283803638262013,0.47161963617379865,NO
2026_07_CIN_BAL,2026,7,2026-10-25T17:00Z,CIN,BAL,0.5637562795330383,0.4362437204669617,BAL
2026_07_CLE_TEN,2026,7,2026-10-25T17:00Z,CLE,TEN,0.6264627984840424,0.3735372015159576,TEN
2026_07_IND_MIN,2026,7,2026-10-25T17:00Z,IND,MIN,0.5988461657500486,0.40115383424995144,MIN
2026_07_MIA_NYJ,2026,7,2026-10-25T17:00Z,MIA,NYJ,0.46464050647215654,0.5353594935278434,MIA
2026_07_NYG_HOU,2026,7,2026-10-25T17:00Z,NYG,HOU,0.6527325251387859,0.3472674748612141,HOU
2026_07_SF_ATL,2026,7,2026-10-25T17:00Z,SF,ATL,0.45175373458032986,0.5482462654196701,SF
2026_07_TB_CAR,2026,7,2026-10-25T17:00Z,TB,CAR,0.4578781405045223,0.5421218594954778,TB
2026_07_DEN_ARI,2026,7,2026-10-25T20:05Z,DEN,ARI,0.4405739830309434,0.5594260169690566,DEN
2026_07_GB_DET,2026,7,2026-10-25T20:25Z,GB,DET,0.4884164482923112,0.5115835517076888,GB
2026_07_LA_LV,2026,7,2026-10-25T20:25Z,LA,LV,0.3397964188573289,0.6602035811426711,LA
2026_07_KC_SEA,2026,7,2026-10-26T00:20Z,KC,SEA,0.6042998522330023,0.3957001477669977,SEA
2026_07_DAL_PHI,2026,7,2026-10-27T00:15Z,DAL,PHI,0.5890736351790172,0.41092636482098277,PHI
2026_08_CAR_GB,2026,8,2026-10-30T00:15Z,CAR,GB,0.6528902797391619,0.3471097202608381,GB
2026_08_ARI_DAL,2026,8,2026-11-01T18:00Z,ARI,DAL,0.5107249827807885,0.4892750172192115,DAL
2026_08_ATL_TB,2026,8,2026-11-01T18:00Z,ATL,TB,0.576329388138047,0.423670611861953,TB
2026_08_BAL_BUF,2026,8,2026-11-01T18:00Z,BAL,BUF,0.5238760592279423,0.47612394077205766,BUF
2026_08_CLE_PIT,2026,8,2026-11-01T18:00Z,CLE,PIT,0.6996718841618448,0.3003281158381552,PIT
2026_08_IND_JAX,2026,8,2026-11-01T18:00Z,IND,JAX,0.6266087662906665,0.37339123370933347,JAX
2026_08_LV_NYJ,2026,8,2026-11-01T18:00Z,LV,NYJ,0.548977245062519,0.451022754937481,NYJ
2026_08_MIN_DET,2026,8,2026-11-01T18:00Z,MIN,DET,0.6155536443708082,0.3844463556291918,DET
2026_08_TEN_CIN,2026,8,2026-11-01T18:00Z,TEN,CIN,0.6624115945786401,0.3375884054213599,CIN
2026_08_LAC_LA,2026,8,2026-11-01T21:05Z,LAC,LA,0.6043224454479013,0.39567755455209874,LA
2026_08_KC_DEN,2026,8,2026-11-01T21:25Z,KC,DEN,0.6232350823526867,0.37676491764731335,DEN
2026_08_NE_MIA,2026,8,2026-11-01T21:25Z,NE,MIA,0.4170516027427034,0.5829483972572966,NE
2026_08_PHI_WAS,2026,8,2026-11-02T01:20Z,PHI,WAS,0.4996744667665849,0.5003255332334151,PHI
2026_08_CHI_SEA,2026,8,2026-11-03T01:15Z,CHI,SEA,0.5748347236686351,0.4251652763313649,SEA
2026_09_JAX_BAL,2026,9,2026-11-06T01:15Z,JAX,BAL,0.5302776498144064,0.4697223501855936,BAL
2026_09_CIN_ATL,2026,9,2026-11-08T14:30Z,CIN,ATL,0.508837961678311,0.49116203832168903,ATL
2026_09_CLE_NO,2026,9,2026-11-08T18:00Z,CLE,NO,0.6606880453671257,0.33931195463287434,NO
2026_09_DAL_IND,2026,9,2026-11-08T18:00Z,DAL,IND,0.5056366927161241,0.4943633072838759,IND
2026_09_DEN_CAR,2026,9,2026-11-08T18:00Z,DEN,CAR,0.4252585684196849,0.5747414315803151,DEN
2026_09_DET_MIA,2026,9,2026-11-08T18:00Z,DET,MIA,0.432195431798286,0.567804568201714,DET
2026_09_LA_WAS,2026,9,2026-11-08T18:00Z,LA,WAS,0.4423767409050221,0.5576232590949779,LA
2026_09_NYG_PHI,2026,9,2026-11-08T18:00Z,NYG,PHI,0.6786123748860972,0.32138762511390284,PHI
2026_09_NYJ_KC,2026,9,2026-11-08T18:00Z,NYJ,KC,0.6771768570438881,0.3228231429561119,KC
2026_09_HOU_LAC,2026,9,2026-11-08T21:05Z,HOU,LAC,0.5673533087649865,0.43264669123501354,LAC
2026_09_LV_SF,2026,9,2026-11-08T21:05Z,LV,SF,0.7223686134986635,0.27763138650133645,SF
2026_09_ARI_SEA,2026,9,2026-11-08T21:25Z,ARI,SEA,0.6063222253807343,0.3936777746192657,SEA
2026_09_GB_NE,2026,9,2026-11-08T21:25Z,GB,NE,0.5238062310721485,0.4761937689278515,NE
2026_09_TB_CHI,2026,9,2026-11-09T01:20Z,TB,CHI,0.5282618356305586,0.4717381643694414,CHI
2026_09_BUF_MIN,2026,9,2026-11-10T01:15Z,BUF,MIN,0.4583439349537275,0.5416560650462725,BUF
2026_10_WAS_NYG,2026,10,2026-11-13T01:15Z,WAS,NYG,0.4199118597983511,0.5800881402016489,WAS
2026_10_NE_DET,2026,10,2026-11-15T14:30Z,NE,DET,0.4993290664615226,0.5006709335384774,NE
2026_10_BUF_NYJ,2026,10,2026-11-15T18:00Z,BUF,NYJ,0.3801623947675164,0.6198376052324837,BUF
2026_10_CAR_NO,2026,10,2026-11-15T18:00Z,CAR,NO,0.59514950284406,0.40485049715594,NO
2026_10_HOU_CLE,2026,10,2026-11-15T18:00Z,HOU,CLE,0.4268749481265888,0.5731250518734112,HOU
2026_10_JAX_TEN,2026,10,2026-11-15T18:00Z,JAX,TEN,0.4060162960648182,0.5939837039351819,JAX
2026_10_KC_ATL,2026,10,2026-11-15T18:00Z,KC,ATL,0.5408782771339145,0.45912172286608555,ATL
2026_10_MIA_IND,2026,10,2026-11-15T18:00Z,MIA,IND,0.520193474741228,0.479806525258772,IND
2026_10_MIN_GB,2026,10,2026-11-15T18:00Z,MIN,GB,0.5991065176764071,0.4008934823235929,GB
2026_10_LA_ARI,2026,10,2026-11-15T21:05Z,LA,ARI,0.4385672089620996,0.5614327910379004,LA
2026_10_SEA_LV,2026,10,2026-11-15T21:05Z,SEA,LV,0.4116153284896477,0.5883846715103522,SEA
2026_10_SF_DAL,2026,10,2026-11-15T21:25Z,SF,DAL,0.4849537622569259,0.5150462377430741,SF
2026_10_PIT_CIN,2026,10,2026-11-16T01:20Z,PIT,CIN,0.5725746183376043,0.42742538166239574,CIN
2026_10_LAC_BAL,2026,10,2026-11-17T01:15Z,LAC,BAL,0.5569899373609181,0.44301006263908194,BAL
2026_11_IND_HOU,2026,11,2026-11-20T01:15Z,IND,HOU,0.5879408488071667,0.4120591511928333,HOU
2026_11_ARI_KC,2026,11,2026-11-22T18:00Z,ARI,KC,0.5191800974636807,0.48081990253631934,KC
2026_11_BAL_CAR,2026,11,2026-11-22T18:00Z,BAL,CAR,0.42075341310452474,0.5792465868954753,BAL
2026_11_JAX_NYG,2026,11,2026-11-22T18:00Z,JAX,NYG,0.4148800479577864,0.5851199520422137,JAX
2026_11_MIA_BUF,2026,11,2026-11-22T18:00Z,MIA,BUF,0.6149989652004835,0.38500103479951653,BUF
2026_11_NO_CHI,2026,11,2026-11-22T18:00Z,NO,CHI,0.5996510370787129,0.4003489629212871,CHI
2026_11_TB_DET,2026,11,2026-11-22T18:00Z,TB,DET,0.5750399923386019,0.4249600076613981,DET
2026_11_TEN_DAL,2026,11,2026-11-22T18:00Z,TEN,DAL,0.613269629407688,0.38673037059231197,DAL
2026_11_NYJ_LAC,2026,11,2026-11-22T21:05Z,NYJ,LAC,0.669287566993142,0.33071243300685804,LAC
2026_11_LV_DEN,2026,11,2026-11-22T21:25Z,LV,DEN,0.7212548743104101,0.27874512568958987,DEN
2026_11_PIT_PHI,2026,11,2026-11-22T21:25Z,PIT,PHI,0.6059957704185307,0.3940042295814693,PHI
2026_11_MIN_SF,2026,11,2026-11-23T01:20Z,MIN,SF,0.6205862849259217,0.3794137150740783,SF
2026_11_CIN_WAS,2026,11,2026-11-24T01:15Z,CIN,WAS,0.5070953567016293,0.4929046432983707,WAS
2026_12_GB_LA,2026,12,2026-11-26T01:00Z,GB,LA,0.5436443193461358,0.4563556806538642,LA
2026_12_CHI_DET,2026,12,2026-11-26T18:00Z,CHI,DET,0.555095335579129,0.44490466442087095,DET
2026_12_PHI_DAL,2026,12,2026-11-26T21:30Z,PHI,DAL,0.47432042686364656,0.5256795731363535,PHI
2026_12_KC_BUF,2026,12,2026-11-27T01:20Z,KC,BUF,0.6349503669430873,0.36504963305691274,BUF
2026_12_DEN_PIT,2026,12,2026-11-27T20:00Z,DEN,PIT,0.4694068724759898,0.5305931275240102,DEN
2026_12_ATL_MIN,2026,12,2026-11-29T18:00Z,ATL,MIN,0.5531403216472316,0.4468596783527684,MIN
2026_12_BAL_HOU,2026,12,2026-11-29T18:00Z,BAL,HOU,0.47849625246350397,0.5215037475364961,BAL
2026_12_LV_CLE,2026,12,2026-11-29T18:00Z,LV,CLE,0.5281258103824324,0.47187418961756755,CLE
2026_12_NO_CIN,2026,12,2026-11-29T18:00Z,NO,CIN,0.6001161100057125,0.3998838899942875,CIN
2026_12_NYG_IND,2026,12,2026-11-29T18:00Z,NYG,IND,0.5835353943704691,0.4164646056295309,IND
2026_12_NYJ_MIA,2026,12,2026-11-29T18:00Z,NYJ,MIA,0.6468017691427176,0.3531982308572824,MIA
2026_12_TEN_JAX,2026,12,2026-11-29T21:05Z,TEN,JAX,0.6664066872403572,0.33359331275964277,JAX
2026_12_SEA_SF,2026,12,2026-11-29T21:25Z,SEA,SF,0.582872104562702,0.417127895437298,SF
2026_12_WAS_ARI,2026,12,2026-11-29T21:25Z,WAS,ARI,0.518931922924372,0.48106807707562804,ARI
2026_12_NE_LAC,2026,12,2026-11-30T01:20Z,NE,LAC,0.4617502836197155,0.5382497163802845,NE
2026_12_CAR_TB,2026,12,2026-12-01T01:15Z,CAR,TB,0.6351737530550494,0.3648262469449506,TB
2026_13_KC_LA,2026,13,2026-12-04T01:15Z,KC,LA,0.6261671249677485,0.3738328750322515,LA
2026_13_CIN_CLE,2026,13,2026-12-06T18:00Z,CIN,CLE,0.37858635344098224,0.6214136465590178,CIN
2026_13_DET_ATL,2026,13,2026-12-06T18:00Z,DET,ATL,0.45635910055530216,0.5436408994446978,DET
2026_13_GB_NO,2026,13,2026-12-06T18:00Z,GB,NO,0.4426244125132716,0.5573755874867283,GB
2026_13_JAX_CHI,2026,13,2026-12-06T18:00Z,JAX,CHI,0.5421366833920458,0.4578633166079542,CHI
2026_13_LAC_TB,2026,13,2026-12-06T18:00Z,LAC,TB,0.5357824950848044,0.46421750491519564,TB
2026_13_SF_NYG,2026,13,2026-12-06T18:00Z,SF,NYG,0.37246044642073817,0.6275395535792618,SF
2026_13_WAS_TEN,2026,13,2026-12-06T18:00Z,WAS,TEN,0.43297323523176406,0.5670267647682359,WAS
2026_13_MIA_DEN,2026,13,2026-12-06T21:05Z,MIA,DEN,0.6682611323560821,0.3317388676439179,DEN
2026_13_PHI_ARI,2026,13,2026-12-06T21:05Z,PHI,ARI,0.4588804211987469,0.541119578801253,PHI
2026_13_BUF_NE,2026,13,2026-12-06T21:25Z,BUF,NE,0.5031786064620193,0.4968213935379807,NE
2026_13_CAR_MIN,2026,13,2026-12-06T21:25Z,CAR,MIN,0.6232756385831335,0.3767243614168665,MIN
2026_13_HOU_PIT,2026,13,2026-12-07T01:20Z,HOU,PIT,0.557099727919392,0.442900272080608,PIT
2026_13_DAL_SEA,2026,13,2026-12-08T01:15Z,DAL,SEA,0.5869730298154424,0.4130269701845576,SEA
2026_14_MIN_NE,2026,14,2026-12-11T01:15Z,MIN,NE,0.6088095521392257,0.3911904478607743,NE
2026_14_ATL_CLE,2026,14,2026-12-13T18:00Z,ATL,CLE,0.40278435937389856,0.5972156406261014,ATL
2026_14_CHI_MIA,2026,14,2026-12-13T18:00Z,CHI,MIA,0.5058064962488965,0.4941935037511035,MIA
2026_14_DEN_NYJ,2026,14,2026-12-13T18:00Z,DEN,NYJ,0.37043130896313253,0.6295686910368674,DEN
2026_14_HOU_WAS,2026,14,2026-12-13T18:00Z,HOU,WAS,0.5350142354748342,0.4649857645251658,WAS
2026_14_IND_PHI,2026,14,2026-12-13T18:00Z,IND,PHI,0.6402390051113698,0.3597609948886302,PHI
2026_14_NO_CAR,2026,14,2026-12-13T18:00Z,NO,CAR,0.5292721565886872,0.4707278434113128,CAR
2026_14_TB_BAL,2026,14,2026-12-13T18:00Z,TB,BAL,0.5812896461259924,0.41871035387400757,BAL
2026_14_TEN_DET,2026,14,2026-12-13T18:00Z,TEN,DET,0.6774305093691736,0.3225694906308264,DET
2026_14_LAC_LV,2026,14,2026-12-13T21:05Z,LAC,LV,0.4193152911583692,0.5806847088416308,LAC
2026_14_KC_CIN,2026,14,2026-12-13T21:25Z,KC,CIN,0.5757486484260932,0.4242513515739068,CIN
2026_14_LA_SF,2026,14,2026-12-13T21:25Z,LA,SF,0.5856933510914086,0.41430664890859137,SF
2026_14_NYG_SEA,2026,14,2026-12-13T21:25Z,NYG,SEA,0.6622622981331727,0.3377377018668273,SEA
2026_14_BUF_GB,2026,14,2026-12-14T01:20Z,BUF,GB,0.5551104626188128,0.4448895373811872,GB
2026_14_PIT_JAX,2026,14,2026-12-15T01:15Z,PIT,JAX,0.6066135389338526,0.3933864610661474,JAX
2026_15_SF_LAC,2026,15,2026-12-18T01:15Z,SF,LAC,0.45154375399936614,0.5484562460006339,SF
2026_15_SEA_PHI,2026,15,2026-12-19T22:00Z,SEA,PHI,0.5605994762270607,0.43940052377293926,PHI
2026_15_CHI_BUF,2026,15,2026-12-20T01:20Z,CHI,BUF,0.5763318857387162,0.4236681142612838,BUF
2026_15_ATL_WAS,2026,15,2026-12-20T18:00Z,ATL,WAS,0.5624403956344729,0.4375596043655271,WAS
2026_15_BAL_PIT,2026,15,2026-12-20T18:00Z,BAL,PIT,0.44496374814188056,0.5550362518581194,BAL
2026_15_CIN_CAR,2026,15,2026-12-20T18:00Z,CIN,CAR,0.4534928231032407,0.5465071768967593,CIN
2026_15_CLE_NYG,2026,15,2026-12-20T18:00Z,CLE,NYG,0.6045263494571876,0.39547365054281236,NYG
2026_15_IND_TEN,2026,15,2026-12-20T18:00Z,IND,TEN,0.5121353380213474,0.48786466197865264,TEN
2026_15_JAX_HOU,2026,15,2026-12-20T18:00Z,JAX,HOU,0.4766151689977551,0.5233848310022449,JAX
2026_15_MIA_GB,2026,15,2026-12-20T18:00Z,MIA,GB,0.6316080099150293,0.3683919900849707,GB
2026_15_NO_TB,2026,15,2026-12-20T18:00Z,NO,TB,0.5834273892717015,0.41657261072829854,TB
2026_15_NYJ_ARI,2026,15,2026-12-20T21:05Z,NYJ,ARI,0.6428696577099307,0.35713034229006935,ARI
2026_15_DAL_LA,2026,15,2026-12-20T21:25Z,DAL,LA,0.6129014859977275,0.38709851400227246,LA
2026_15_DEN_LV,2026,15,2026-12-20T21:25Z,DEN,LV,0.3671482248811823,0.6328517751188176,DEN
2026_15_DET_MIN,2026,15,2026-12-21T01:20Z,DET,MIN,0.45718539212738646,0.5428146078726135,DET
2026_15_NE_KC,2026,15,2026-12-22T01:15Z,NE,KC,0.45464280156910086,0.5453571984308991,NE
2026_16_HOU_PHI,2026,16,2026-12-25T01:15Z,HOU,PHI,0.6192879898036059,0.3807120101963941,PHI
2026_16_GB_CHI,2026,16,2026-12-25T18:00Z,GB,CHI,0.4706813508099964,0.5293186491900036,GB
2026_16_BUF_DEN,2026,16,2026-12-25T21:30Z,BUF,DEN,0.5298918630918281,0.4701081369081719,DEN
2026_16_LA_SEA,2026,16,2026-12-26T01:15Z,LA,SEA,0.4955680900559176,0.5044319099440824,LA
2026_16_CAR_PIT,2026,16,2026-12-27T05:00Z,CAR,PIT,0.6390872783980809,0.3609127216019191,PIT
2026_16_CIN_IND,2026,16,2026-12-27T05:00Z,CIN,IND,0.4774951374190701,0.5225048625809299,CIN
2026_16_TB_ATL,2026,16,2026-12-27T05:00Z,TB,ATL,0.5270714910105968,0.4729285089894032,ATL
2026_16_WAS_MIN,2026,16,2026-12-27T05:00Z,WAS,MIN,0.5342731642328468,0.46572683576715324,MIN
2026_16_ARI_NO,2026,16,2026-12-27T18:00Z,ARI,NO,0.5417234980576736,0.4582765019423264,NO
2026_16_CLE_BAL,2026,16,2026-12-27T18:00Z,CLE,BAL,0.6604528449534619,0.3395471550465381,BAL
2026_16_LAC_MIA,2026,16,2026-12-27T18:00Z,LAC,MIA,0.5118480498226711,0.48815195017732893,MIA
2026_16_NE_NYJ,2026,16,2026-12-27T18:00Z,NE,NYJ,0.42823502736996927,0.5717649726300307,NE
2026_16_TEN_LV,2026,16,2026-12-27T21:05Z,TEN,LV,0.5244862467468441,0.4755137532531559,LV
2026_16_SF_KC,2026,16,2026-12-27T21:25Z,SF,KC,0.45178410781382883,0.5482158921861712,SF
2026_16_JAX_DAL,2026,16,2026-12-28T01:20Z,JAX,DAL,0.5121079703412581,0.4878920296587419,DAL
2026_16_NYG_DET,2026,16,2026-12-29T01:15Z,NYG,DET,0.6811573914452789,0.31884260855472113,DET
2026_17_BAL_CIN,2026,17,2027-01-01T01:15Z,BAL,CIN,0.46519314767689657,0.5348068523231034,BAL
2026_17_DEN_NE,2026,17,2027-01-03T05:00Z,DEN,NE,0.5481250161173826,0.4518749838826174,NE
2026_17_KC_LAC,2026,17,2027-01-03T05:00Z,KC,LAC,0.5579787372197157,0.4420212627802843,LAC
2026_17_LA_TB,2026,17,2027-01-03T05:00Z,LA,TB,0.4459867592215677,0.5540132407784323,LA
2026_17_WAS_JAX,2026,17,2027-01-03T05:00Z,WAS,JAX,0.558889509277661,0.441110490722339,JAX
2026_17_BUF_MIA,2026,17,2027-01-03T18:00Z,BUF,MIA,0.4564997501508215,0.5435002498491786,BUF
2026_17_IND_CLE,2026,17,2027-01-03T18:00Z,IND,CLE,0.46647410676058637,0.5335258932394136,IND
2026_17_MIN_NYJ,2026,17,2027-01-03T18:00Z,MIN,NYJ,0.47486450571831607,0.5251354942816839,MIN
2026_17_NO_ATL,2026,17,2027-01-03T18:00Z,NO,ATL,0.5933637122632551,0.4066362877367449,ATL
2026_17_NYG_DAL,2026,17,2027-01-03T18:00Z,NYG,DAL,0.6105966493212215,0.3894033506787785,DAL
2026_17_PIT_TEN,2026,17,2027-01-03T18:00Z,PIT,TEN,0.460383615031279,0.539616384968721,PIT
2026_17_SEA_CAR,2026,17,2027-01-03T18:00Z,SEA,CAR,0.4760448570851083,0.5239551429148916,SEA
2026_17_LV_ARI,2026,17,2027-01-03T21:05Z,LV,ARI,0.6585824045827549,0.34141759541724515,ARI
2026_17_DET_CHI,2026,17,2027-01-03T21:25Z,DET,CHI,0.49401146475447244,0.5059885352455276,DET
2026_17_PHI_SF,2026,17,2027-01-04T01:20Z,PHI,SF,0.565850258034661,0.43414974196533895,SF
2026_17_HOU_GB,2026,17,2027-01-05T01:15Z,HOU,GB,0.6077048426748364,0.3922951573251636,GB
2026_18_ATL_CAR,2026,18,2027-01-10T05:00Z,ATL,CAR,0.4935007373084057,0.5064992626915943,ATL
2026_18_CHI_MIN,2026,18,2027-01-10T05:00Z,CHI,MIN,0.5253507141118451,0.4746492858881549,MIN
2026_18_CLE_CIN,2026,18,2027-01-10T05:00Z,CLE,CIN,0.6943043582001353,0.30569564179986475,CIN
2026_18_DAL_WAS,2026,18,2027-01-10T05:00Z,DAL,WAS,0.48286035145253225,0.5171396485474677,DAL
2026_18_DET_GB,2026,18,2027-01-10T05:00Z,DET,GB,0.5586501784585052,0.4413498215414948,GB
2026_18_JAX_IND,2026,18,2027-01-10T05:00Z,JAX,IND,0.47337291925361924,0.5266270807463808,JAX
2026_18_LAC_DEN,2026,18,2027-01-10T05:00Z,LAC,DEN,0.6065154822701512,0.3934845177298488,DEN
2026_18_LV_KC,2026,18,2027-01-10T05:00Z,LV,KC,0.6540603184795658,0.3459396815204342,KC
2026_18_MIA_NE,2026,18,2027-01-10T05:00Z,MIA,NE,0.6378231927991251,0.36217680720087486,NE
2026_18_NYJ_BUF,2026,18,2027-01-10T05:00Z,NYJ,BUF,0.6952813158799067,0.3047186841200933,BUF
2026_18_PHI_NYG,2026,18,2027-01-10T05:00Z,PHI,NYG,0.391921050190876,0.608078949809124,PHI
2026_18_PIT_BAL,2026,18,2027-01-10T05:00Z,PIT,BAL,0.5800350166793204,0.41996498332067955,BAL
2026_18_SEA_LA,2026,18,2027-01-10T05:00Z,SEA,LA,0.5851117342642298,0.4148882657357702,LA
2026_18_SF_ARI,2026,18,2027-01-10T05:00Z,SF,ARI,0.4523624228172795,0.5476375771827204,SF
2026_18_TB_NO,2026,18,2027-01-10T05:00Z,TB,NO,0.48149382932153956,0.5185061706784604,TB
2026_18_TEN_HOU,2026,18,2027-01-10T05:00Z,TEN,HOU,0.6562981754863813,0.34370182451361875,HOU
