game_id,season,week,gameday,away_team,home_team,home_win_probability,away_win_probability,predicted_winner,model_version,actual_winner,prediction_correct,prediction_result,home_score,away_score,status,predicted_home_score,predicted_away_score,score_model_version,score_forecast_at,market_home_spread,market_total,line_observed_at,predicted_margin,predicted_total,model_spread_side,model_total_side,actual_spread_side,actual_total_side,spread_grade,total_grade,line_basis
2026_01_ARI_LAC,2026,1,2026-09-13,ARI,LAC,0.5605314021832551,0.4394685978167448,LAC,legacy,ARI,False,No,14.0,26.0,Final,,,,,-8.5,47.5,,,,,,ARI,Under,No archived pick,No archived pick,Historical source line; no pregame archive
2026_01_ATL_PIT,2026,1,2026-09-13,ATL,PIT,0.5552331032574597,0.4447668967425403,PIT,legacy,PIT,True,Yes,20.0,13.0,Final,,,,,-6.5,40.5,,,,,,PIT,Under,No archived pick,No archived pick,Historical source line; no pregame archive
2026_01_BAL_IND,2026,1,2026-09-13,BAL,IND,0.4249872378223327,0.5750127621776673,BAL,legacy,BAL,True,Yes,23.0,41.0,Final,,,,,3.0,48.5,,,,,,BAL,Over,No archived pick,No archived pick,Historical source line; no pregame archive
2026_01_BUF_HOU,2026,1,2026-09-13,BUF,HOU,0.4712615570881283,0.5287384429118717,BUF,legacy,BUF,True,Yes,31.0,36.0,Final,,,,,1.5,44.5,,,,,,BUF,Over,No archived pick,No archived pick,Historical source line; no pregame archive
2026_01_CHI_CAR,2026,1,2026-09-13,CHI,CAR,0.4767121233026535,0.5232878766973464,CHI,legacy,CHI,True,Yes,37.0,59.0,Final,,,,,3.0,47.5,,,,,,CHI,Over,No archived pick,No archived pick,Historical source line; no pregame archive
2026_01_CLE_JAX,2026,1,2026-09-13,CLE,JAX,0.6794762772625984,0.3205237227374016,JAX,legacy,JAX,True,Yes,34.0,10.0,Final,,,,,-8.5,40.5,,,,,,JAX,Over,No archived pick,No archived pick,Historical source line; no pregame archive
2026_01_DAL_NYG,2026,1,2026-09-13,DAL,NYG,0.4412632674713592,0.5587367325286408,DAL,legacy,NYG,False,No,28.0,20.0,Final,,,,,3.0,47.5,,,,,,NYG,Over,No archived pick,No archived pick,Historical source line; no pregame archive
2026_01_DEN_KC,2026,1,2026-09-14,DEN,KC,0.4519980998552806,0.5480019001447194,DEN,legacy,KC,False,No,31.0,10.0,Final,,,,,-2.5,42.5,,,,,,KC,Under,No archived pick,No archived pick,Historical source line; no pregame archive
2026_01_GB_MIN,2026,1,2026-09-13,GB,MIN,0.4688810138000839,0.531118986199916,GB,legacy,MIN,False,No,39.0,22.0,Final,,,,,-1.5,46.5,,,,,,MIN,Over,No archived pick,No archived pick,Historical source line; no pregame archive
2026_01_MIA_LV,2026,1,2026-09-13,MIA,LV,0.4672269793603381,0.5327730206396619,MIA,legacy,LV,False,No,27.0,13.0,Final,,,,,-3.0,40.5,,,,,,LV,Under,No archived pick,No archived pick,Historical source line; no pregame archive
2026_01_NE_SEA,2026,1,2026-09-10T00:20Z,NE,SEA,0.4952350014667963,0.5047649985332037,NE,legacy,SEA,False,No,13.0,10.0,Final,,,,,-3.0,44.5,,,,,,Push,Under,No archived pick,No archived pick,Historical source line; no pregame archive
2026_01_NO_DET,2026,1,2026-09-13,NO,DET,0.620194375223062,0.379805624776938,DET,legacy,DET,True,Yes,31.0,30.0,Final,,,,,-7.0,49.5,,,,,,NO,Over,No archived pick,No archived pick,Historical source line; no pregame archive
2026_01_NYJ_TEN,2026,1,2026-09-13,NYJ,TEN,0.5911182468733802,0.4088817531266198,TEN,legacy,NYJ,False,No,10.0,23.0,Final,,,,,-1.5,39.5,,,,,,NYJ,Under,No archived pick,No archived pick,Historical source line; no pregame archive
2026_01_SF_LA,2026,1,2026-09-10,SF,LA,0.5236986267916428,0.4763013732083572,LA,legacy,SF,False,No,7.0,27.0,Final,,,,,-3.5,47.5,,,,,,SF,Under,No archived pick,No archived pick,Historical source line; no pregame archive
2026_01_TB_CIN,2026,1,2026-09-13,TB,CIN,0.5337672602043394,0.4662327397956606,CIN,legacy,CIN,True,Yes,33.0,27.0,Final,,,,,-3.5,50.5,,,,,,CIN,Over,No archived pick,No archived pick,Historical source line; no pregame archive
2026_01_WAS_PHI,2026,1,2026-09-13,WAS,PHI,0.568083306400154,0.4319166935998459,PHI,legacy,PHI,True,Yes,24.0,22.0,Final,,,,,-6.0,43.5,,,,,,WAS,Over,No archived pick,No archived pick,Historical source line; no pregame archive
2026_02_CAR_ATL,2026,2,2026-09-20,CAR,ATL,0.6671954684008565,0.3328045315991434,ATL,legacy,CAR,False,No,3.0,34.0,Final,,,,,2.5,43.5,,,,,,CAR,Under,No archived pick,No archived pick,Historical source line; no pregame archive
2026_02_CIN_HOU,2026,2,2026-09-20,CIN,HOU,0.4593264799010165,0.5406735200989834,CIN,legacy,CIN,True,Yes,6.0,20.0,Final,,,,,-3.0,45.5,,,,,,CIN,Under,No archived pick,No archived pick,Historical source line; no pregame archive
2026_02_CLE_TB,2026,2,2026-09-20,CLE,TB,0.7606459250731828,0.2393540749268171,TB,legacy,CLE,False,No,19.0,23.0,Final,,,,,-8.5,41.5,,,,,,CLE,Over,No archived pick,No archived pick,Historical source line; no pregame archive
2026_02_DET_BUF,2026,2,2026-09-17,DET,BUF,0.5714775300905559,0.4285224699094441,BUF,legacy,BUF,True,Yes,41.0,31.0,Final,,,,,-5.5,54.5,,,,,,BUF,Over,No archived pick,No archived pick,Historical source line; no pregame archive
2026_02_GB_NYJ,2026,2,2026-09-20,GB,NYJ,0.4022139344720796,0.5977860655279204,GB,legacy,GB,True,Yes,17.0,20.0,Final,,,,,3.5,44.5,,,,,,NYJ,Under,No archived pick,No archived pick,Historical source line; no pregame archive
2026_02_IND_KC,2026,2,2026-09-20,IND,KC,0.6296520331879351,0.3703479668120649,KC,legacy,KC,True,Yes,33.0,30.0,Final,,,,,-6.0,46.5,,,,,,IND,Over,No archived pick,No archived pick,Historical source line; no pregame archive
2026_02_JAX_DEN,2026,2,2026-09-20,JAX,DEN,0.520434253445317,0.479565746554683,DEN,legacy,DEN,True,Yes,20.0,13.0,Final,,,,,-2.5,45.5,,,,,,DEN,Under,No archived pick,No archived pick,Historical source line; no pregame archive
2026_02_LV_LAC,2026,2,2026-09-20,LV,LAC,0.5847694842894179,0.4152305157105821,LAC,legacy,LV,False,No,14.0,26.0,Final,,,,,-6.5,43.5,,,,,,LV,Under,No archived pick,No archived pick,Historical source line; no pregame archive
2026_02_MIA_SF,2026,2,2026-09-20,MIA,SF,0.7770391962775637,0.2229608037224363,SF,legacy,SF,True,Yes,35.0,13.0,Final,,,,,-12.5,44.5,,,,,,SF,Over,No archived pick,No archived pick,Historical source line; no pregame archive
2026_02_MIN_CHI,2026,2,2026-09-20,MIN,CHI,0.6060898002452982,0.3939101997547017,CHI,legacy,MIN,False,No,3.0,9.0,Final,,,,,-4.5,46.5,,,,,,MIN,Under,No archived pick,No archived pick,Historical source line; no pregame archive
2026_02_NO_BAL,2026,2,2026-09-20,NO,BAL,0.6798288495908461,0.3201711504091539,BAL,legacy,NO,False,No,17.0,24.0,Final,,,,,-8.5,45.5,,,,,,NO,Under,No archived pick,No archived pick,Historical source line; no pregame archive
2026_02_NYG_LA,2026,2,2026-09-21,NYG,LA,0.6054909203391252,0.3945090796608748,LA,legacy,LA,True,Yes,28.0,6.0,Final,,,,,-6.5,47.5,,,,,,LA,Under,No archived pick,No archived pick,Historical source line; no pregame archive
2026_02_PHI_TEN,2026,2,2026-09-20,PHI,TEN,0.3250364943012939,0.6749635056987061,PHI,legacy,PHI,True,Yes,20.0,24.0,Final,,,,,7.0,39.5,,,,,,TEN,Over,No archived pick,No archived pick,Historical source line; no pregame archive
2026_02_PIT_NE,2026,2,2026-09-20,PIT,NE,0.594207036809792,0.4057929631902079,NE,legacy,NE,True,Yes,20.0,3.0,Final,,,,,-4.5,41.5,,,,,,NE,Under,No archived pick,No archived pick,Historical source line; no pregame archive
2026_02_SEA_ARI,2026,2,2026-09-20,SEA,ARI,0.4944867927583015,0.5055132072416986,SEA,legacy,SEA,True,Yes,7.0,31.0,Final,,,,,3.5,40.5,,,,,,SEA,Under,No archived pick,No archived pick,Historical source line; no pregame archive
2026_02_WAS_DAL,2026,2,2026-09-20,WAS,DAL,0.4815434888868078,0.5184565111131922,WAS,legacy,DAL,False,No,37.0,20.0,Final,,,,,-3.5,51.5,,,,,,DAL,Over,No archived pick,No archived pick,Historical source line; no pregame archive
2026_03_ARI_SF,2026,3,2026-09-27,ARI,SF,0.8021444075923202,0.1978555924076798,SF,20260922T151906Z,SF,True,Yes,36.0,30.0,Final,,,,,-7.5,48.5,,,,,,ARI,Over,No archived pick,No archived pick,Historical source line; no pregame archive
2026_03_ATL_GB,2026,3,2026-09-24,ATL,GB,0.6547478357349642,0.3452521642650358,GB,20260922T151906Z,ATL,False,No,14.0,35.0,Final,,,,,-4.5,43.5,,,,,,ATL,Over,No archived pick,No archived pick,Historical source line; no pregame archive
2026_03_BAL_DAL,2026,3,2026-09-27,BAL,DAL,0.4611722775223579,0.5388277224776421,BAL,20260922T151906Z,BAL,True,Yes,31.0,34.0,Final,,,,,3.0,53.5,,,,,,Push,Over,No archived pick,No archived pick,Historical source line; no pregame archive
2026_03_CAR_CLE,2026,3,2026-09-27,CAR,CLE,0.3859302153683604,0.6140697846316396,CAR,20260922T151906Z,CLE,False,No,21.0,18.0,Final,,,,,2.5,41.5,,,,,,CLE,Under,No archived pick,No archived pick,Historical source line; no pregame archive
2026_03_CIN_PIT,2026,3,2026-09-27,CIN,PIT,0.4165030012446816,0.5834969987553185,CIN,20260922T151906Z,PIT,False,No,30.0,27.0,Final,,,,,3.5,42.5,,,,,,PIT,Over,No archived pick,No archived pick,Historical source line; no pregame archive
2026_03_HOU_IND,2026,3,2026-09-27,HOU,IND,0.5206409615951453,0.4793590384048547,IND,20260922T151906Z,IND,True,Yes,19.0,17.0,Final,,,,,1.5,41.5,,,,,,IND,Under,No archived pick,No archived pick,Historical source line; no pregame archive
2026_03_KC_MIA,2026,3,2026-09-27,KC,MIA,0.3030940815469373,0.6969059184530627,KC,20260922T151906Z,KC,True,Yes,10.0,24.0,Final,,,,,10.0,45.5,,,,,,KC,Under,No archived pick,No archived pick,Historical source line; no pregame archive
2026_03_LAC_BUF,2026,3,2026-09-27,LAC,BUF,0.7359985766191215,0.2640014233808785,BUF,20260922T151906Z,BUF,True,Yes,24.0,16.0,Final,,,,,-7.0,50.5,,,,,,BUF,Under,No archived pick,No archived pick,Historical source line; no pregame archive
2026_03_LA_DEN,2026,3,2026-09-27,LA,DEN,0.4229426864302887,0.5770573135697112,LA,20260922T151906Z,DEN,False,No,30.0,26.0,Final,,,,,-1.5,43.5,,,,,,DEN,Over,No archived pick,No archived pick,Historical source line; no pregame archive
2026_03_LV_NO,2026,3,2026-09-27,LV,NO,0.5076010827058157,0.4923989172941843,NO,20260922T151906Z,LV,False,No,27.0,35.0,Final,,,,,-3.5,43.5,,,,,,LV,Over,No archived pick,No archived pick,Historical source line; no pregame archive
2026_03_MIN_TB,2026,3,2026-09-27,MIN,TB,0.4929436944742406,0.5070563055257594,MIN,20260922T151906Z,MIN,True,Yes,16.0,23.0,Final,,,,,1.5,42.5,,,,,,MIN,Under,No archived pick,No archived pick,Historical source line; no pregame archive
2026_03_NE_JAX,2026,3,2026-09-27,NE,JAX,0.6349417407577324,0.3650582592422676,JAX,20260922T151906Z,JAX,True,Yes,35.0,6.0,Final,,,,,-3.0,46.5,,,,,,JAX,Under,No archived pick,No archived pick,Historical source line; no pregame archive
2026_03_NYJ_DET,2026,3,2026-09-27,NYJ,DET,0.549988310968254,0.450011689031746,DET,20260922T151906Z,DET,True,Yes,31.0,24.0,Final,,,,,-7.0,49.5,,,,,,Push,Over,No archived pick,No archived pick,Historical source line; no pregame archive
2026_03_PHI_CHI,2026,3,2026-09-28,PHI,CHI,0.518791418542843,0.4812085814571569,CHI,20260922T151906Z,CHI,True,Yes,27.0,7.0,Final,,,,,3.5,42.5,,,,,,CHI,Under,No archived pick,No archived pick,Historical source line; no pregame archive
2026_03_SEA_WAS,2026,3,2026-09-27,SEA,WAS,0.4082446792589919,0.5917553207410081,SEA,20260922T151906Z,WAS,False,No,33.0,31.0,Final,,,,,8.5,40.5,,,,,,WAS,Over,No archived pick,No archived pick,Historical source line; no pregame archive
2026_03_TEN_NYG,2026,3,2026-09-27,TEN,NYG,0.5744432559367578,0.4255567440632422,NYG,20260922T151906Z,NYG,True,Yes,12.0,7.0,Final,,,,,-2.5,37.5,,,,,,NYG,Under,No archived pick,No archived pick,Historical source line; no pregame archive
2026_04_ARI_NYG,2026,4,2026-10-04,ARI,NYG,0.4586019078972607,0.5413980921027393,ARI,20260929T124531Z,,,Pending,,,Scheduled,22.5,21.2,scores_20260930T195751Z,2026-09-30T19:59:28.740791+00:00,2.5,44.5,2026-09-30T19:59:28.740791+00:00,1.3,43.7,NYG,Under,,,Pending,Pending,Archived pregame snapshot
2026_04_ATL_NO,2026,4,2026-10-05,ATL,NO,0.6457558316298918,0.3542441683701082,NO,20260929T124531Z,,,Pending,,,Scheduled,25.0,20.2,scores_20260930T195751Z,2026-09-30T19:59:28.740791+00:00,-2.5,47.5,2026-09-30T19:59:28.740791+00:00,4.8,45.2,NO,Under,,,Pending,Pending,Archived pregame snapshot
2026_04_DAL_HOU,2026,4,2026-10-04,DAL,HOU,0.42574830801541946,0.5742516919845806,DAL,20260929T124531Z,,,Pending,,,Scheduled,20.9,25.8,scores_20260930T195751Z,2026-09-30T19:59:28.740791+00:00,-2.5,48.5,2026-09-30T19:59:28.740791+00:00,-4.9,46.7,DAL,Under,,,Pending,Pending,Archived pregame snapshot
2026_04_DEN_SF,2026,4,2026-10-04,DEN,SF,0.7998771499704339,0.2001228500295661,SF,20260929T124531Z,,,Pending,,,Scheduled,28.4,17.6,scores_20260930T195751Z,2026-09-30T19:59:28.740791+00:00,-3.0,47.5,2026-09-30T19:59:28.740791+00:00,10.8,46.0,SF,Under,,,Pending,Pending,Archived pregame snapshot
2026_04_DET_CAR,2026,4,2026-10-04,DET,CAR,0.46802491907866955,0.5319750809213304,DET,20260929T124531Z,,,Pending,,,Scheduled,25.8,25.5,scores_20260930T195751Z,2026-09-30T19:59:28.740791+00:00,3.5,51.5,2026-09-30T19:59:28.740791+00:00,0.3,51.3,CAR,Under,,,Pending,Pending,Archived pregame snapshot
2026_04_GB_TB,2026,4,2026-10-04,GB,TB,0.5478291310088114,0.45217086899118863,TB,20260929T124531Z,,,Pending,,,Scheduled,23.5,20.7,scores_20260930T195751Z,2026-09-30T19:59:28.740791+00:00,3.5,39.5,2026-09-30T19:59:28.740791+00:00,2.8,44.2,TB,Over,,,Pending,Pending,Archived pregame snapshot
2026_04_IND_WAS,2026,4,2026-10-04,IND,WAS,0.6173457201730614,0.38265427982693856,WAS,20260929T124531Z,,,Pending,,,Scheduled,24.6,21.1,scores_20260930T195751Z,2026-09-30T19:59:28.740791+00:00,3.5,47.5,2026-09-30T19:59:28.740791+00:00,3.5,45.7,WAS,Under,,,Pending,Pending,Archived pregame snapshot
2026_04_JAX_CIN,2026,4,2026-10-04,JAX,CIN,0.5126366018644086,0.4873633981355914,CIN,20260929T124531Z,,,Pending,,,Scheduled,25.1,25.8,scores_20260930T195751Z,2026-09-30T19:59:28.740791+00:00,-2.5,51.5,2026-09-30T19:59:28.740791+00:00,-0.7,50.9,JAX,Under,,,Pending,Pending,Archived pregame snapshot
2026_04_KC_LV,2026,4,2026-10-04,KC,LV,0.4509829252746676,0.5490170747253325,KC,20260929T124531Z,,,Pending,,,Scheduled,24.6,25.9,scores_20260930T195751Z,2026-09-30T19:59:28.740791+00:00,4.5,47.5,2026-09-30T19:59:28.740791+00:00,-1.3,50.5,LV,Over,,,Pending,Pending,Archived pregame snapshot
2026_04_LAC_SEA,2026,4,2026-10-04,LAC,SEA,0.8137594638845725,0.18624053611542746,SEA,20260929T124531Z,,,Pending,,,Scheduled,27.8,16.3,scores_20260930T195751Z,2026-09-30T19:59:28.740791+00:00,-7.0,42.5,2026-09-30T19:59:28.740791+00:00,11.5,44.1,SEA,Over,,,Pending,Pending,Archived pregame snapshot
2026_04_LA_PHI,2026,4,2026-10-04,LA,PHI,0.5324541779493337,0.4675458220506663,PHI,20260929T124531Z,,,Pending,,,Scheduled,23.8,21.6,scores_20260930T195751Z,2026-09-30T19:59:28.740791+00:00,3.0,43.5,2026-09-30T19:59:28.740791+00:00,2.2,45.4,PHI,Over,,,Pending,Pending,Archived pregame snapshot
2026_04_MIA_MIN,2026,4,2026-10-04,MIA,MIN,0.7068409888677504,0.2931590111322496,MIN,20260929T124531Z,,,Pending,,,Scheduled,25.1,17.6,scores_20260930T195751Z,2026-09-30T19:59:28.740791+00:00,-10.5,38.5,2026-09-30T19:59:28.740791+00:00,7.5,42.7,MIA,Over,,,Pending,Pending,Archived pregame snapshot
2026_04_NE_BUF,2026,4,2026-10-04,NE,BUF,0.811537949166358,0.18846205083364198,BUF,20260929T124531Z,,,Pending,,,Scheduled,28.6,17.2,scores_20260930T195751Z,2026-09-30T19:59:28.740791+00:00,-6.5,48.5,2026-09-30T19:59:28.740791+00:00,11.4,45.8,BUF,Under,,,Pending,Pending,Archived pregame snapshot
2026_04_NYJ_CHI,2026,4,2026-10-04,NYJ,CHI,0.6215474625369974,0.37845253746300256,CHI,20260929T124531Z,,,Pending,,,Scheduled,26.0,20.5,scores_20260930T195751Z,2026-09-30T19:59:28.740791+00:00,-3.5,42.5,2026-09-30T19:59:28.740791+00:00,5.5,46.5,CHI,Over,,,Pending,Pending,Archived pregame snapshot
2026_04_PIT_CLE,2026,4,2026-10-01,PIT,CLE,0.5017289547551167,0.4982710452448833,CLE,20260929T124531Z,,,Pending,,,Scheduled,20.7,21.3,scores_20260930T195751Z,2026-09-30T19:59:28.740791+00:00,2.5,38.5,2026-09-30T19:59:28.740791+00:00,-0.6,42.0,CLE,Over,,,Pending,Pending,Archived pregame snapshot
2026_04_TEN_BAL,2026,4,2026-10-04,TEN,BAL,0.7824527469167354,0.2175472530832646,BAL,20260929T124531Z,,,Pending,,,Scheduled,29.3,17.1,scores_20260930T195751Z,2026-09-30T19:59:28.740791+00:00,-11.5,43.5,2026-09-30T19:59:28.740791+00:00,12.2,46.4,BAL,Over,,,Pending,Pending,Archived pregame snapshot
2026_05_BAL_ATL,2026,5,2026-10-11,BAL,ATL,0.375527803247752,0.624472196752248,BAL,20260929T124531Z,,,Pending,,,Scheduled,20.2,25.4,scores_20260930T195751Z,2026-09-30T19:59:28.740791+00:00,6.0,49.5,2026-09-30T19:59:28.740791+00:00,-5.2,45.6,ATL,Under,,,Pending,Pending,Archived pregame snapshot
2026_05_BUF_LA,2026,5,2026-10-12,BUF,LA,0.47947270875085957,0.5205272912491404,BUF,20260929T124531Z,,,Pending,,,Scheduled,23.1,26.1,scores_20260930T195751Z,2026-09-30T19:59:28.740791+00:00,-2.5,52.5,2026-09-30T19:59:28.740791+00:00,-3.0,49.2,BUF,Under,,,Pending,Pending,Archived pregame snapshot
2026_05_CHI_GB,2026,5,2026-10-11,CHI,GB,0.44359738449110425,0.5564026155088957,CHI,20260929T124531Z,,,Pending,,,Scheduled,21.0,26.1,scores_20260930T195751Z,2026-09-30T19:59:28.740791+00:00,-2.5,45.5,2026-09-30T19:59:28.740791+00:00,-5.1,47.1,CHI,Over,,,Pending,Pending,Archived pregame snapshot
2026_05_CIN_MIA,2026,5,2026-10-11,CIN,MIA,0.33495428370141406,0.6650457162985859,CIN,20260929T124531Z,,,Pending,,,Scheduled,20.3,25.9,scores_20260930T195751Z,2026-09-30T19:59:28.740791+00:00,8.5,46.5,2026-09-30T19:59:28.740791+00:00,-5.6,46.2,MIA,Under,,,Pending,Pending,Archived pregame snapshot
2026_05_CLE_NYJ,2026,5,2026-10-11,CLE,NYJ,0.6370477118629528,0.36295228813704716,NYJ,20260929T124531Z,,,Pending,,,Scheduled,25.0,19.5,scores_20260930T195751Z,2026-09-30T19:59:28.740791+00:00,-2.5,39.5,2026-09-30T19:59:28.740791+00:00,5.5,44.5,NYJ,Over,,,Pending,Pending,Archived pregame snapshot
2026_05_DEN_LAC,2026,5,2026-10-11,DEN,LAC,0.39300311211886796,0.606996887881132,DEN,20260929T124531Z,,,Pending,,,Scheduled,19.2,22.4,scores_20260930T195751Z,2026-09-30T19:59:28.740791+00:00,2.5,43.5,2026-09-30T19:59:28.740791+00:00,-3.2,41.6,DEN,Under,,,Pending,Pending,Archived pregame snapshot
2026_05_DET_ARI,2026,5,2026-10-11,DET,ARI,0.41021782022991715,0.5897821797700828,DET,20260929T124531Z,,,Pending,,,Scheduled,23.1,26.2,scores_20260930T195751Z,2026-09-30T19:59:28.740791+00:00,5.5,52.5,2026-09-30T19:59:28.740791+00:00,-3.1,49.3,ARI,Under,,,Pending,Pending,Archived pregame snapshot
2026_05_HOU_TEN,2026,5,2026-10-11,HOU,TEN,0.5191280563477475,0.4808719436522525,TEN,20260929T124531Z,,,Pending,,,Scheduled,21.4,20.4,scores_20260930T195751Z,2026-09-30T19:59:28.740791+00:00,6.5,39.5,2026-09-30T19:59:28.740791+00:00,1.0,41.8,TEN,Over,,,Pending,Pending,Archived pregame snapshot
2026_05_IND_PIT,2026,5,2026-10-11,IND,PIT,0.589841350150358,0.410158649849642,PIT,20260929T124531Z,,,Pending,,,Scheduled,23.6,18.6,scores_20260930T195751Z,2026-09-30T19:59:28.740791+00:00,-2.5,44.5,2026-09-30T19:59:28.740791+00:00,5.0,42.2,PIT,Under,,,Pending,Pending,Archived pregame snapshot
2026_05_LV_NE,2026,5,2026-10-11,LV,NE,0.468681302102981,0.531318697897019,LV,20260929T124531Z,,,Pending,,,Scheduled,20.8,22.3,scores_20260930T195751Z,2026-09-30T19:59:28.740791+00:00,-3.5,44.5,2026-09-30T19:59:28.740791+00:00,-1.5,43.1,LV,Under,,,Pending,Pending,Archived pregame snapshot
2026_05_MIN_NO,2026,5,2026-10-11,MIN,NO,0.5379670042522691,0.46203299574773093,NO,20260929T124531Z,,,Pending,,,Scheduled,21.6,22.5,scores_20260930T195751Z,2026-09-30T19:59:28.740791+00:00,2.5,44.5,2026-09-30T19:59:28.740791+00:00,-0.9,44.1,NO,Under,,,Pending,Pending,Archived pregame snapshot
2026_05_NYG_WAS,2026,5,2026-10-11,NYG,WAS,0.6129672754736477,0.3870327245263523,WAS,20260929T124531Z,,,Pending,,,Scheduled,24.3,20.7,scores_20260930T195751Z,2026-09-30T19:59:28.740791+00:00,-2.5,43.5,2026-09-30T19:59:28.740791+00:00,3.6,45.0,WAS,Over,,,Pending,Pending,Archived pregame snapshot
2026_05_PHI_JAX,2026,5,2026-10-11,PHI,JAX,0.6862741107211897,0.3137258892788103,JAX,20260929T124531Z,,,Pending,,,Scheduled,25.6,19.0,scores_20260930T195751Z,2026-09-30T19:59:28.740791+00:00,-2.5,44.5,2026-09-30T19:59:28.740791+00:00,6.6,44.6,JAX,Over,,,Pending,Pending,Archived pregame snapshot
2026_05_SF_SEA,2026,5,2026-10-11,SF,SEA,0.45571790321640526,0.5442820967835947,SF,20260929T124531Z,,,Pending,,,Scheduled,25.0,25.7,scores_20260930T195751Z,2026-09-30T19:59:28.740791+00:00,-3.0,47.5,2026-09-30T19:59:28.740791+00:00,-0.7,50.7,SF,Over,,,Pending,Pending,Archived pregame snapshot
2026_05_TB_DAL,2026,5,2026-10-08,TB,DAL,0.6183890402697471,0.38161095973025294,DAL,20260929T124531Z,,,Pending,,,Scheduled,26.4,19.9,scores_20260930T195751Z,2026-09-30T19:59:28.740791+00:00,-9.5,47.5,2026-09-30T19:59:28.740791+00:00,6.5,46.3,TB,Under,,,Pending,Pending,Archived pregame snapshot
2026_06_ARI_LA,2026,6,2026-10-18,ARI,LA,0.6005070217387795,0.39949297826122054,LA,20260929T124531Z,,,Pending,,,Scheduled,25.1,21.3,scores_20260930T195751Z,2026-09-30T19:59:28.740791+00:00,,,2026-09-30T19:59:28.740791+00:00,3.8,46.4,,,,,No archived pick,No archived pick,Source line / unavailable
2026_06_BAL_CLE,2026,6,2026-10-18,BAL,CLE,0.32313615460365225,0.6768638453963478,BAL,20260929T124531Z,,,Pending,,,Scheduled,20.7,26.8,scores_20260930T195751Z,2026-09-30T19:59:28.740791+00:00,,,2026-09-30T19:59:28.740791+00:00,-6.1,47.5,,,,,No archived pick,No archived pick,Source line / unavailable
2026_06_BUF_LV,2026,6,2026-10-18,BUF,LV,0.4803442871894197,0.5196557128105803,BUF,20260929T124531Z,,,Pending,,,Scheduled,25.4,24.9,scores_20260930T195751Z,2026-09-30T19:59:28.740791+00:00,,,2026-09-30T19:59:28.740791+00:00,0.5,50.3,,,,,No archived pick,No archived pick,Source line / unavailable
2026_06_CAR_PHI,2026,6,2026-10-18,CAR,PHI,0.5540157927447141,0.44598420725528587,PHI,20260929T124531Z,,,Pending,,,Scheduled,23.7,22.8,scores_20260930T195751Z,2026-09-30T19:59:28.740791+00:00,,,2026-09-30T19:59:28.740791+00:00,0.9,46.5,,,,,No archived pick,No archived pick,Source line / unavailable
2026_06_CHI_ATL,2026,6,2026-10-18,CHI,ATL,0.4366012953048925,0.5633987046951074,CHI,20260929T124531Z,,,Pending,,,Scheduled,20.8,24.9,scores_20260930T195751Z,2026-09-30T19:59:28.740791+00:00,,,2026-09-30T19:59:28.740791+00:00,-4.1,45.7,,,,,No archived pick,No archived pick,Source line / unavailable
2026_06_DAL_GB,2026,6,2026-10-18,DAL,GB,0.4971897246971396,0.5028102753028604,DAL,20260929T124531Z,,,Pending,,,Scheduled,21.6,25.8,scores_20260930T195751Z,2026-09-30T19:59:28.740791+00:00,,,2026-09-30T19:59:28.740791+00:00,-4.2,47.4,,,,,No archived pick,No archived pick,Source line / unavailable
2026_06_HOU_JAX,2026,6,2026-10-18,HOU,JAX,0.7796297834083191,0.22037021659168088,JAX,20260929T124531Z,,,Pending,,,Scheduled,26.9,18.3,scores_20260930T195751Z,2026-09-30T19:59:28.740791+00:00,,,2026-09-30T19:59:28.740791+00:00,8.6,45.2,,,,,No archived pick,No archived pick,Source line / unavailable
2026_06_LAC_KC,2026,6,2026-10-18,LAC,KC,0.8685528230725226,0.13144717692747743,KC,20260929T124531Z,,,Pending,,,Scheduled,28.5,16.8,scores_20260930T195751Z,2026-09-30T19:59:28.740791+00:00,,,2026-09-30T19:59:28.740791+00:00,11.7,45.3,,,,,No archived pick,No archived pick,Source line / unavailable
2026_06_NO_NYG,2026,6,2026-10-18,NO,NYG,0.4390600200760135,0.5609399799239865,NO,20260929T124531Z,,,Pending,,,Scheduled,22.5,22.6,scores_20260930T195751Z,2026-09-30T19:59:28.740791+00:00,,,2026-09-30T19:59:28.740791+00:00,-0.1,45.1,,,,,No archived pick,No archived pick,Source line / unavailable
2026_06_NYJ_NE,2026,6,2026-10-18,NYJ,NE,0.4692949500661233,0.5307050499338767,NYJ,20260929T124531Z,,,Pending,,,Scheduled,22.0,22.3,scores_20260930T195751Z,2026-09-30T19:59:28.740791+00:00,,,2026-09-30T19:59:28.740791+00:00,-0.3,44.3,,,,,No archived pick,No archived pick,Source line / unavailable
2026_06_PIT_TB,2026,6,2026-10-18,PIT,TB,0.5399941562214684,0.4600058437785316,TB,20260929T124531Z,,,Pending,,,Scheduled,22.2,20.5,scores_20260930T195751Z,2026-09-30T19:59:28.740791+00:00,,,2026-09-30T19:59:28.740791+00:00,1.7,42.7,,,,,No archived pick,No archived pick,Source line / unavailable
2026_06_SEA_DEN,2026,6,2026-10-15,SEA,DEN,0.4268894656071492,0.5731105343928509,SEA,20260929T124531Z,,,Pending,,,Scheduled,21.4,24.6,scores_20260930T195751Z,2026-09-30T19:59:28.740791+00:00,,,2026-09-30T19:59:28.740791+00:00,-3.2,46.0,,,,,No archived pick,No archived pick,Source line / unavailable
2026_06_TEN_IND,2026,6,2026-10-18,TEN,IND,0.5662769301727231,0.43372306982727693,IND,20260929T124531Z,,,Pending,,,Scheduled,22.3,19.2,scores_20260930T195751Z,2026-09-30T19:59:28.740791+00:00,,,2026-09-30T19:59:28.740791+00:00,3.1,41.5,,,,,No archived pick,No archived pick,Source line / unavailable
2026_06_WAS_SF,2026,6,2026-10-19,WAS,SF,0.7221823690153222,0.2778176309846778,SF,20260929T124531Z,,,Pending,,,Scheduled,28.5,18.8,scores_20260930T195751Z,2026-09-30T19:59:28.740791+00:00,,,2026-09-30T19:59:28.740791+00:00,9.7,47.3,,,,,No archived pick,No archived pick,Source line / unavailable
2026_07_CIN_BAL,2026,7,2026-10-25,CIN,BAL,0.6529762791261835,0.3470237208738165,BAL,20260929T124531Z,,,Pending,,,Scheduled,26.6,23.0,scores_20260930T195751Z,2026-09-30T19:59:28.740791+00:00,,,2026-09-30T19:59:28.740791+00:00,3.6,49.6,,,,,No archived pick,No archived pick,Source line / unavailable
2026_07_CLE_TEN,2026,7,2026-10-25,CLE,TEN,0.516347337027175,0.48365266297282505,TEN,20260929T124531Z,,,Pending,,,Scheduled,22.6,20.9,scores_20260930T195751Z,2026-09-30T19:59:28.740791+00:00,,,2026-09-30T19:59:28.740791+00:00,1.7,43.5,,,,,No archived pick,No archived pick,Source line / unavailable
2026_07_DAL_PHI,2026,7,2026-10-26,DAL,PHI,0.4985275868532231,0.5014724131467769,DAL,20260929T124531Z,,,Pending,,,Scheduled,23.7,23.5,scores_20260930T195751Z,2026-09-30T19:59:28.740791+00:00,,,2026-09-30T19:59:28.740791+00:00,0.2,47.2,,,,,No archived pick,No archived pick,Source line / unavailable
2026_07_DEN_ARI,2026,7,2026-10-25,DEN,ARI,0.5303319870156509,0.4696680129843491,ARI,20260929T124531Z,,,Pending,,,Scheduled,21.7,21.8,scores_20260930T195751Z,2026-09-30T19:59:28.740791+00:00,,,2026-09-30T19:59:28.740791+00:00,-0.1,43.5,,,,,No archived pick,No archived pick,Source line / unavailable
2026_07_GB_DET,2026,7,2026-10-25,GB,DET,0.7288556815677468,0.2711443184322532,DET,20260929T124531Z,,,Pending,,,Scheduled,29.1,20.4,scores_20260930T195751Z,2026-09-30T19:59:28.740791+00:00,,,2026-09-30T19:59:28.740791+00:00,8.7,49.5,,,,,No archived pick,No archived pick,Source line / unavailable
2026_07_IND_MIN,2026,7,2026-10-25,IND,MIN,0.6493327997247812,0.3506672002752188,MIN,20260929T124531Z,,,Pending,,,Scheduled,25.2,18.4,scores_20260930T195751Z,2026-09-30T19:59:28.740791+00:00,,,2026-09-30T19:59:28.740791+00:00,6.8,43.6,,,,,No archived pick,No archived pick,Source line / unavailable
2026_07_KC_SEA,2026,7,2026-10-25,KC,SEA,0.5296677201414364,0.47033227985856363,SEA,20260929T124531Z,,,Pending,,,Scheduled,26.0,25.0,scores_20260930T195751Z,2026-09-30T19:59:28.740791+00:00,,,2026-09-30T19:59:28.740791+00:00,1.0,51.0,,,,,No archived pick,No archived pick,Source line / unavailable
2026_07_LA_LV,2026,7,2026-10-25,LA,LV,0.578208603198684,0.42179139680131605,LV,20260929T124531Z,,,Pending,,,Scheduled,25.6,21.4,scores_20260930T195751Z,2026-09-30T19:59:28.740791+00:00,,,2026-09-30T19:59:28.740791+00:00,4.2,47.0,,,,,No archived pick,No archived pick,Source line / unavailable
2026_07_MIA_NYJ,2026,7,2026-10-25,MIA,NYJ,0.7746509033022383,0.2253490966977617,NYJ,20260929T124531Z,,,Pending,,,Scheduled,26.7,17.7,scores_20260930T195751Z,2026-09-30T19:59:28.740791+00:00,,,2026-09-30T19:59:28.740791+00:00,9.0,44.4,,,,,No archived pick,No archived pick,Source line / unavailable
2026_07_NE_CHI,2026,7,2026-10-22,NE,CHI,0.8095921683979642,0.19040783160203578,CHI,20260929T124531Z,,,Pending,,,Scheduled,27.6,16.3,scores_20260930T195751Z,2026-09-30T19:59:28.740791+00:00,,,2026-09-30T19:59:28.740791+00:00,11.3,43.9,,,,,No archived pick,No archived pick,Source line / unavailable
2026_07_NYG_HOU,2026,7,2026-10-25,NYG,HOU,0.4990995845033715,0.5009004154966286,NYG,20260929T124531Z,,,Pending,,,Scheduled,21.2,20.2,scores_20260930T195751Z,2026-09-30T19:59:28.740791+00:00,,,2026-09-30T19:59:28.740791+00:00,1.0,41.4,,,,,No archived pick,No archived pick,Source line / unavailable
2026_07_PIT_NO,2026,7,2026-10-25,PIT,NO,0.5972597008959004,0.4027402991040996,NO,20260929T124531Z,,,Pending,,,Scheduled,24.1,22.4,scores_20260930T195751Z,2026-09-30T19:59:28.740791+00:00,,,2026-09-30T19:59:28.740791+00:00,1.7,46.5,,,,,No archived pick,No archived pick,Source line / unavailable
2026_07_SF_ATL,2026,7,2026-10-25,SF,ATL,0.40305134788734936,0.5969486521126506,SF,20260929T124531Z,,,Pending,,,Scheduled,21.0,25.7,scores_20260930T195751Z,2026-09-30T19:59:28.740791+00:00,,,2026-09-30T19:59:28.740791+00:00,-4.7,46.7,,,,,No archived pick,No archived pick,Source line / unavailable
2026_07_TB_CAR,2026,7,2026-10-25,TB,CAR,0.6615701589481909,0.33842984105180907,CAR,20260929T124531Z,,,Pending,,,Scheduled,24.9,19.7,scores_20260930T195751Z,2026-09-30T19:59:28.740791+00:00,,,2026-09-30T19:59:28.740791+00:00,5.2,44.6,,,,,No archived pick,No archived pick,Source line / unavailable
2026_08_ARI_DAL,2026,8,2026-11-01,ARI,DAL,0.6280603449823777,0.3719396550176223,DAL,20260929T124531Z,,,Pending,,,Scheduled,27.0,21.5,scores_20260930T195751Z,2026-09-30T19:59:28.740791+00:00,,,2026-09-30T19:59:28.740791+00:00,5.5,48.5,,,,,No archived pick,No archived pick,Source line / unavailable
2026_08_ATL_TB,2026,8,2026-11-01,ATL,TB,0.5510002709794001,0.4489997290205999,TB,20260929T124531Z,,,Pending,,,Scheduled,22.6,19.8,scores_20260930T195751Z,2026-09-30T19:59:28.740791+00:00,,,2026-09-30T19:59:28.740791+00:00,2.8,42.4,,,,,No archived pick,No archived pick,Source line / unavailable
2026_08_BAL_BUF,2026,8,2026-11-01,BAL,BUF,0.5036044186562462,0.49639558134375383,BUF,20260929T124531Z,,,Pending,,,Scheduled,27.3,24.1,scores_20260930T195751Z,2026-09-30T19:59:28.740791+00:00,,,2026-09-30T19:59:28.740791+00:00,3.2,51.4,,,,,No archived pick,No archived pick,Source line / unavailable
2026_08_CAR_GB,2026,8,2026-10-29,CAR,GB,0.5172745361437842,0.48272546385621584,GB,20260929T124531Z,,,Pending,,,Scheduled,21.5,25.2,scores_20260930T195751Z,2026-09-30T19:59:28.740791+00:00,,,2026-09-30T19:59:28.740791+00:00,-3.7,46.7,,,,,No archived pick,No archived pick,Source line / unavailable
2026_08_CHI_SEA,2026,8,2026-11-02,CHI,SEA,0.630609748809918,0.36939025119008195,SEA,20260929T124531Z,,,Pending,,,Scheduled,25.1,23.1,scores_20260930T195751Z,2026-09-30T19:59:28.740791+00:00,,,2026-09-30T19:59:28.740791+00:00,2.0,48.2,,,,,No archived pick,No archived pick,Source line / unavailable
2026_08_CLE_PIT,2026,8,2026-11-01,CLE,PIT,0.5924730155804557,0.40752698441954427,PIT,20260929T124531Z,,,Pending,,,Scheduled,23.8,19.2,scores_20260930T195751Z,2026-09-30T19:59:28.740791+00:00,,,2026-09-30T19:59:28.740791+00:00,4.6,43.0,,,,,No archived pick,No archived pick,Source line / unavailable
2026_08_IND_JAX,2026,8,2026-11-01,IND,JAX,0.8026492803677758,0.19735071963222417,JAX,20260929T124531Z,,,Pending,,,Scheduled,28.3,17.2,scores_20260930T195751Z,2026-09-30T19:59:28.740791+00:00,,,2026-09-30T19:59:28.740791+00:00,11.1,45.5,,,,,No archived pick,No archived pick,Source line / unavailable
2026_08_KC_DEN,2026,8,2026-11-01,KC,DEN,0.3473566902456237,0.6526433097543762,KC,20260929T124531Z,,,Pending,,,Scheduled,21.6,24.8,scores_20260930T195751Z,2026-09-30T19:59:28.740791+00:00,,,2026-09-30T19:59:28.740791+00:00,-3.2,46.4,,,,,No archived pick,No archived pick,Source line / unavailable
2026_08_LAC_LA,2026,8,2026-11-01,LAC,LA,0.7733728098485921,0.22662719015140786,LA,20260929T124531Z,,,Pending,,,Scheduled,25.8,18.1,scores_20260930T195751Z,2026-09-30T19:59:28.740791+00:00,,,2026-09-30T19:59:28.740791+00:00,7.7,43.9,,,,,No archived pick,No archived pick,Source line / unavailable
2026_08_LV_NYJ,2026,8,2026-11-01,LV,NYJ,0.5580756847792294,0.4419243152207706,NYJ,20260929T124531Z,,,Pending,,,Scheduled,23.6,23.4,scores_20260930T195751Z,2026-09-30T19:59:28.740791+00:00,,,2026-09-30T19:59:28.740791+00:00,0.2,47.0,,,,,No archived pick,No archived pick,Source line / unavailable
2026_08_MIN_DET,2026,8,2026-11-01,MIN,DET,0.6060894726690779,0.39391052733092213,DET,20260929T124531Z,,,Pending,,,Scheduled,24.2,22.4,scores_20260930T195751Z,2026-09-30T19:59:28.740791+00:00,,,2026-09-30T19:59:28.740791+00:00,1.8,46.6,,,,,No archived pick,No archived pick,Source line / unavailable
2026_08_NE_MIA,2026,8,2026-11-01,NE,MIA,0.44900634179871257,0.5509936582012874,NE,20260929T124531Z,,,Pending,,,Scheduled,19.4,22.9,scores_20260930T195751Z,2026-09-30T19:59:28.740791+00:00,,,2026-09-30T19:59:28.740791+00:00,-3.5,42.3,,,,,No archived pick,No archived pick,Source line / unavailable
2026_08_PHI_WAS,2026,8,2026-11-01,PHI,WAS,0.530810201014605,0.46918979898539503,WAS,20260929T124531Z,,,Pending,,,Scheduled,23.0,21.8,scores_20260930T195751Z,2026-09-30T19:59:28.740791+00:00,,,2026-09-30T19:59:28.740791+00:00,1.2,44.8,,,,,No archived pick,No archived pick,Source line / unavailable
2026_08_TEN_CIN,2026,8,2026-11-01,TEN,CIN,0.8311962925644392,0.16880370743556083,CIN,20260929T124531Z,,,Pending,,,Scheduled,28.9,17.1,scores_20260930T195751Z,2026-09-30T19:59:28.740791+00:00,,,2026-09-30T19:59:28.740791+00:00,11.8,46.0,,,,,No archived pick,No archived pick,Source line / unavailable
2026_09_ARI_SEA,2026,9,2026-11-08,ARI,SEA,0.7180165654420988,0.2819834345579012,SEA,20260929T124531Z,,,Pending,,,Scheduled,27.1,19.6,scores_20260930T195751Z,2026-09-30T19:59:28.740791+00:00,,,2026-09-30T19:59:28.740791+00:00,7.5,46.7,,,,,No archived pick,No archived pick,Source line / unavailable
2026_09_BUF_MIN,2026,9,2026-11-09,BUF,MIN,0.44064913348200874,0.5593508665179913,BUF,20260929T124531Z,,,Pending,,,Scheduled,22.7,24.5,scores_20260930T195751Z,2026-09-30T19:59:28.740791+00:00,,,2026-09-30T19:59:28.740791+00:00,-1.8,47.2,,,,,No archived pick,No archived pick,Source line / unavailable
2026_09_CIN_ATL,2026,9,2026-11-08,CIN,ATL,0.4325004786799613,0.5674995213200387,CIN,20260929T124531Z,,,Pending,,,Scheduled,20.6,24.7,scores_20260930T195751Z,2026-09-30T19:59:28.740791+00:00,,,2026-09-30T19:59:28.740791+00:00,-4.1,45.3,,,,,No archived pick,No archived pick,Source line / unavailable
2026_09_CLE_NO,2026,9,2026-11-08,CLE,NO,0.6119959789532802,0.3880040210467198,NO,20260929T124531Z,,,Pending,,,Scheduled,25.6,20.9,scores_20260930T195751Z,2026-09-30T19:59:28.740791+00:00,,,2026-09-30T19:59:28.740791+00:00,4.7,46.5,,,,,No archived pick,No archived pick,Source line / unavailable
2026_09_DAL_IND,2026,9,2026-11-08,DAL,IND,0.4378013973372513,0.5621986026627487,DAL,20260929T124531Z,,,Pending,,,Scheduled,21.8,26.0,scores_20260930T195751Z,2026-09-30T19:59:28.740791+00:00,,,2026-09-30T19:59:28.740791+00:00,-4.2,47.8,,,,,No archived pick,No archived pick,Source line / unavailable
2026_09_DEN_CAR,2026,9,2026-11-08,DEN,CAR,0.6637634536278401,0.33623654637215994,CAR,20260929T124531Z,,,Pending,,,Scheduled,24.2,19.8,scores_20260930T195751Z,2026-09-30T19:59:28.740791+00:00,,,2026-09-30T19:59:28.740791+00:00,4.4,44.0,,,,,No archived pick,No archived pick,Source line / unavailable
2026_09_DET_MIA,2026,9,2026-11-08,DET,MIA,0.32876940442680375,0.6712305955731963,DET,20260929T124531Z,,,Pending,,,Scheduled,20.0,27.4,scores_20260930T195751Z,2026-09-30T19:59:28.740791+00:00,,,2026-09-30T19:59:28.740791+00:00,-7.4,47.4,,,,,No archived pick,No archived pick,Source line / unavailable
2026_09_GB_NE,2026,9,2026-11-08,GB,NE,0.5103277538592402,0.48967224614075977,NE,20260929T124531Z,,,Pending,,,Scheduled,22.8,21.3,scores_20260930T195751Z,2026-09-30T19:59:28.740791+00:00,,,2026-09-30T19:59:28.740791+00:00,1.5,44.1,,,,,No archived pick,No archived pick,Source line / unavailable
2026_09_HOU_LAC,2026,9,2026-11-08,HOU,LAC,0.5069923241300525,0.49300767586994754,LAC,20260929T124531Z,,,Pending,,,Scheduled,21.6,21.1,scores_20260930T195751Z,2026-09-30T19:59:28.740791+00:00,,,2026-09-30T19:59:28.740791+00:00,0.5,42.7,,,,,No archived pick,No archived pick,Source line / unavailable
2026_09_JAX_BAL,2026,9,2026-11-05,JAX,BAL,0.5510508402118514,0.44894915978814864,BAL,20260929T124531Z,,,Pending,,,Scheduled,25.6,24.4,scores_20260930T195751Z,2026-09-30T19:59:28.740791+00:00,,,2026-09-30T19:59:28.740791+00:00,1.2,50.0,,,,,No archived pick,No archived pick,Source line / unavailable
2026_09_LA_WAS,2026,9,2026-11-08,LA,WAS,0.4803792294404761,0.5196207705595239,LA,20260929T124531Z,,,Pending,,,Scheduled,23.7,23.6,scores_20260930T195751Z,2026-09-30T19:59:28.740791+00:00,,,2026-09-30T19:59:28.740791+00:00,0.1,47.3,,,,,No archived pick,No archived pick,Source line / unavailable
2026_09_LV_SF,2026,9,2026-11-08,LV,SF,0.6954298383205644,0.3045701616794356,SF,20260929T124531Z,,,Pending,,,Scheduled,27.3,20.7,scores_20260930T195751Z,2026-09-30T19:59:28.740791+00:00,,,2026-09-30T19:59:28.740791+00:00,6.6,48.0,,,,,No archived pick,No archived pick,Source line / unavailable
2026_09_NYG_PHI,2026,9,2026-11-08,NYG,PHI,0.6183919215453769,0.3816080784546231,PHI,20260929T124531Z,,,Pending,,,Scheduled,24.0,19.4,scores_20260930T195751Z,2026-09-30T19:59:28.740791+00:00,,,2026-09-30T19:59:28.740791+00:00,4.6,43.4,,,,,No archived pick,No archived pick,Source line / unavailable
2026_09_NYJ_KC,2026,9,2026-11-08,NYJ,KC,0.6897984521346505,0.3102015478653495,KC,20260929T124531Z,,,Pending,,,Scheduled,28.5,20.0,scores_20260930T195751Z,2026-09-30T19:59:28.740791+00:00,,,2026-09-30T19:59:28.740791+00:00,8.5,48.5,,,,,No archived pick,No archived pick,Source line / unavailable
2026_09_TB_CHI,2026,9,2026-11-08,TB,CHI,0.6907891987334358,0.3092108012665642,CHI,20260929T124531Z,,,Pending,,,Scheduled,26.4,18.1,scores_20260930T195751Z,2026-09-30T19:59:28.740791+00:00,,,2026-09-30T19:59:28.740791+00:00,8.3,44.5,,,,,No archived pick,No archived pick,Source line / unavailable
2026_10_BUF_NYJ,2026,10,2026-11-15,BUF,NYJ,0.45468630105111246,0.5453136989488876,BUF,20260929T124531Z,,,Pending,,,Scheduled,23.6,26.1,scores_20260930T195751Z,2026-09-30T19:59:28.740791+00:00,,,2026-09-30T19:59:28.740791+00:00,-2.5,49.7,,,,,No archived pick,No archived pick,Source line / unavailable
2026_10_CAR_NO,2026,10,2026-11-15,CAR,NO,0.4801537386861707,0.5198462613138293,CAR,20260929T124531Z,,,Pending,,,Scheduled,25.1,24.3,scores_20260930T195751Z,2026-09-30T19:59:28.740791+00:00,,,2026-09-30T19:59:28.740791+00:00,0.8,49.4,,,,,No archived pick,No archived pick,Source line / unavailable
2026_10_HOU_CLE,2026,10,2026-11-15,HOU,CLE,0.5537775333198126,0.4462224666801874,CLE,20260929T124531Z,,,Pending,,,Scheduled,21.4,20.2,scores_20260930T195751Z,2026-09-30T19:59:28.740791+00:00,,,2026-09-30T19:59:28.740791+00:00,1.2,41.6,,,,,No archived pick,No archived pick,Source line / unavailable
2026_10_JAX_TEN,2026,10,2026-11-15,JAX,TEN,0.35512786369192834,0.6448721363080716,JAX,20260929T124531Z,,,Pending,,,Scheduled,20.3,25.6,scores_20260930T195751Z,2026-09-30T19:59:28.740791+00:00,,,2026-09-30T19:59:28.740791+00:00,-5.3,45.9,,,,,No archived pick,No archived pick,Source line / unavailable
2026_10_KC_ATL,2026,10,2026-11-15,KC,ATL,0.3605473439973116,0.6394526560026884,KC,20260929T124531Z,,,Pending,,,Scheduled,20.6,25.1,scores_20260930T195751Z,2026-09-30T19:59:28.740791+00:00,,,2026-09-30T19:59:28.740791+00:00,-4.5,45.7,,,,,No archived pick,No archived pick,Source line / unavailable
2026_10_LAC_BAL,2026,10,2026-11-16,LAC,BAL,0.7965229882262492,0.20347701177375077,BAL,20260929T124531Z,,,Pending,,,Scheduled,28.9,17.1,scores_20260930T195751Z,2026-09-30T19:59:28.740791+00:00,,,2026-09-30T19:59:28.740791+00:00,11.8,46.0,,,,,No archived pick,No archived pick,Source line / unavailable
2026_10_LA_ARI,2026,10,2026-11-15,LA,ARI,0.4629180639069226,0.5370819360930774,LA,20260929T124531Z,,,Pending,,,Scheduled,23.1,23.7,scores_20260930T195751Z,2026-09-30T19:59:28.740791+00:00,,,2026-09-30T19:59:28.740791+00:00,-0.6,46.8,,,,,No archived pick,No archived pick,Source line / unavailable
2026_10_MIA_IND,2026,10,2026-11-15,MIA,IND,0.6559200306370104,0.34407996936298957,IND,20260929T124531Z,,,Pending,,,Scheduled,24.0,18.0,scores_20260930T195751Z,2026-09-30T19:59:28.740791+00:00,,,2026-09-30T19:59:28.740791+00:00,6.0,42.0,,,,,No archived pick,No archived pick,Source line / unavailable
2026_10_MIN_GB,2026,10,2026-11-15,MIN,GB,0.45266977040101397,0.547330229598986,MIN,20260929T124531Z,,,Pending,,,Scheduled,20.4,21.7,scores_20260930T195751Z,2026-09-30T19:59:28.740791+00:00,,,2026-09-30T19:59:28.740791+00:00,-1.3,42.1,,,,,No archived pick,No archived pick,Source line / unavailable
2026_10_NE_DET,2026,10,2026-11-15,NE,DET,0.7409072733664621,0.2590927266335379,DET,20260929T124531Z,,,Pending,,,Scheduled,28.1,20.4,scores_20260930T195751Z,2026-09-30T19:59:28.740791+00:00,,,2026-09-30T19:59:28.740791+00:00,7.7,48.5,,,,,No archived pick,No archived pick,Source line / unavailable
2026_10_PIT_CIN,2026,10,2026-11-15,PIT,CIN,0.7607044936772837,0.23929550632271634,CIN,20260929T124531Z,,,Pending,,,Scheduled,26.4,19.4,scores_20260930T195751Z,2026-09-30T19:59:28.740791+00:00,,,2026-09-30T19:59:28.740791+00:00,7.0,45.8,,,,,No archived pick,No archived pick,Source line / unavailable
2026_10_SEA_LV,2026,10,2026-11-15,SEA,LV,0.4895270385994898,0.5104729614005101,SEA,20260929T124531Z,,,Pending,,,Scheduled,24.6,23.4,scores_20260930T195751Z,2026-09-30T19:59:28.740791+00:00,,,2026-09-30T19:59:28.740791+00:00,1.2,48.0,,,,,No archived pick,No archived pick,Source line / unavailable
2026_10_SF_DAL,2026,10,2026-11-15,SF,DAL,0.4040473319079473,0.5959526680920527,SF,20260929T124531Z,,,Pending,,,Scheduled,24.6,26.9,scores_20260930T195751Z,2026-09-30T19:59:28.740791+00:00,,,2026-09-30T19:59:28.740791+00:00,-2.3,51.5,,,,,No archived pick,No archived pick,Source line / unavailable
2026_10_WAS_NYG,2026,10,2026-11-12,WAS,NYG,0.4651020329691195,0.5348979670308804,WAS,20260929T124531Z,,,Pending,,,Scheduled,22.2,22.2,scores_20260930T195751Z,2026-09-30T19:59:28.740791+00:00,,,2026-09-30T19:59:28.740791+00:00,0.0,44.4,,,,,No archived pick,No archived pick,Source line / unavailable
2026_11_ARI_KC,2026,11,2026-11-22,ARI,KC,0.7924470221208688,0.20755297787913118,KC,20260929T124531Z,,,Pending,,,Scheduled,29.4,19.1,scores_20260930T195751Z,2026-09-30T19:59:28.740791+00:00,,,2026-09-30T19:59:28.740791+00:00,10.3,48.5,,,,,No archived pick,No archived pick,Source line / unavailable
2026_11_BAL_CAR,2026,11,2026-11-22,BAL,CAR,0.3925786470481937,0.6074213529518063,BAL,20260929T124531Z,,,Pending,,,Scheduled,25.5,26.5,scores_20260930T195751Z,2026-09-30T19:59:28.740791+00:00,,,2026-09-30T19:59:28.740791+00:00,-1.0,52.0,,,,,No archived pick,No archived pick,Source line / unavailable
2026_11_CIN_WAS,2026,11,2026-11-23,CIN,WAS,0.42499767367361974,0.5750023263263803,CIN,20260929T124531Z,,,Pending,,,Scheduled,22.8,25.9,scores_20260930T195751Z,2026-09-30T19:59:28.740791+00:00,,,2026-09-30T19:59:28.740791+00:00,-3.1,48.7,,,,,No archived pick,No archived pick,Source line / unavailable
2026_11_IND_HOU,2026,11,2026-11-19,IND,HOU,0.5079907269814915,0.4920092730185085,HOU,20260929T124531Z,,,Pending,,,Scheduled,21.5,20.9,scores_20260930T195751Z,2026-09-30T19:59:28.740791+00:00,,,2026-09-30T19:59:28.740791+00:00,0.6,42.4,,,,,No archived pick,No archived pick,Source line / unavailable
2026_11_JAX_NYG,2026,11,2026-11-22,JAX,NYG,0.3270832357389756,0.6729167642610244,JAX,20260929T124531Z,,,Pending,,,Scheduled,20.5,25.9,scores_20260930T195751Z,2026-09-30T19:59:28.740791+00:00,,,2026-09-30T19:59:28.740791+00:00,-5.4,46.4,,,,,No archived pick,No archived pick,Source line / unavailable
2026_11_LV_DEN,2026,11,2026-11-22,LV,DEN,0.4949503310353721,0.5050496689646279,LV,20260929T124531Z,,,Pending,,,Scheduled,22.1,20.9,scores_20260930T195751Z,2026-09-30T19:59:28.740791+00:00,,,2026-09-30T19:59:28.740791+00:00,1.2,43.0,,,,,No archived pick,No archived pick,Source line / unavailable
2026_11_MIA_BUF,2026,11,2026-11-22,MIA,BUF,0.8492915848409176,0.1507084151590824,BUF,20260929T124531Z,,,Pending,,,Scheduled,30.5,16.3,scores_20260930T195751Z,2026-09-30T19:59:28.740791+00:00,,,2026-09-30T19:59:28.740791+00:00,14.2,46.8,,,,,No archived pick,No archived pick,Source line / unavailable
2026_11_MIN_SF,2026,11,2026-11-22,MIN,SF,0.7222193792366122,0.27778062076338783,SF,20260929T124531Z,,,Pending,,,Scheduled,25.7,19.3,scores_20260930T195751Z,2026-09-30T19:59:28.740791+00:00,,,2026-09-30T19:59:28.740791+00:00,6.4,45.0,,,,,No archived pick,No archived pick,Source line / unavailable
2026_11_NO_CHI,2026,11,2026-11-22,NO,CHI,0.716922970477647,0.28307702952235303,CHI,20260929T124531Z,,,Pending,,,Scheduled,27.2,20.2,scores_20260930T195751Z,2026-09-30T19:59:28.740791+00:00,,,2026-09-30T19:59:28.740791+00:00,7.0,47.4,,,,,No archived pick,No archived pick,Source line / unavailable
2026_11_NYJ_LAC,2026,11,2026-11-22,NYJ,LAC,0.44566098572396123,0.5543390142760387,NYJ,20260929T124531Z,,,Pending,,,Scheduled,22.2,23.3,scores_20260930T195751Z,2026-09-30T19:59:28.740791+00:00,,,2026-09-30T19:59:28.740791+00:00,-1.1,45.5,,,,,No archived pick,No archived pick,Source line / unavailable
2026_11_PIT_PHI,2026,11,2026-11-22,PIT,PHI,0.6120630670663534,0.3879369329336466,PHI,20260929T124531Z,,,Pending,,,Scheduled,22.9,19.9,scores_20260930T195751Z,2026-09-30T19:59:28.740791+00:00,,,2026-09-30T19:59:28.740791+00:00,3.0,42.8,,,,,No archived pick,No archived pick,Source line / unavailable
2026_11_TB_DET,2026,11,2026-11-22,TB,DET,0.7292132635655888,0.2707867364344112,DET,20260929T124531Z,,,Pending,,,Scheduled,28.1,20.8,scores_20260930T195751Z,2026-09-30T19:59:28.740791+00:00,,,2026-09-30T19:59:28.740791+00:00,7.3,48.9,,,,,No archived pick,No archived pick,Source line / unavailable
2026_11_TEN_DAL,2026,11,2026-11-22,TEN,DAL,0.75102806236887,0.24897193763113,DAL,20260929T124531Z,,,Pending,,,Scheduled,28.1,18.1,scores_20260930T195751Z,2026-09-30T19:59:28.740791+00:00,,,2026-09-30T19:59:28.740791+00:00,10.0,46.2,,,,,No archived pick,No archived pick,Source line / unavailable
2026_12_ATL_MIN,2026,12,2026-11-29,ATL,MIN,0.6375292290628928,0.3624707709371072,MIN,20260929T124531Z,,,Pending,,,Scheduled,24.9,17.6,scores_20260930T195751Z,2026-09-30T19:59:28.740791+00:00,,,2026-09-30T19:59:28.740791+00:00,7.3,42.5,,,,,No archived pick,No archived pick,Source line / unavailable
2026_12_BAL_HOU,2026,12,2026-11-29,BAL,HOU,0.3184182834616254,0.6815817165383746,BAL,20260929T124531Z,,,Pending,,,Scheduled,19.4,26.3,scores_20260930T195751Z,2026-09-30T19:59:28.740791+00:00,,,2026-09-30T19:59:28.740791+00:00,-6.9,45.7,,,,,No archived pick,No archived pick,Source line / unavailable
2026_12_CAR_TB,2026,12,2026-11-30,CAR,TB,0.4965255001212271,0.5034744998787729,CAR,20260929T124531Z,,,Pending,,,Scheduled,22.7,23.3,scores_20260930T195751Z,2026-09-30T19:59:28.740791+00:00,,,2026-09-30T19:59:28.740791+00:00,-0.6,46.0,,,,,No archived pick,No archived pick,Source line / unavailable
2026_12_CHI_DET,2026,12,2026-11-26,CHI,DET,0.572079461194345,0.42792053880565495,DET,20260929T124531Z,,,Pending,,,Scheduled,25.4,25.5,scores_20260930T195751Z,2026-09-30T19:59:28.740791+00:00,,,2026-09-30T19:59:28.740791+00:00,-0.1,50.9,,,,,No archived pick,No archived pick,Source line / unavailable
2026_12_DEN_PIT,2026,12,2026-11-27,DEN,PIT,0.5176943181195744,0.48230568188042555,PIT,20260929T124531Z,,,Pending,,,Scheduled,20.8,20.2,scores_20260930T195751Z,2026-09-30T19:59:28.740791+00:00,,,2026-09-30T19:59:28.740791+00:00,0.6,41.0,,,,,No archived pick,No archived pick,Source line / unavailable
2026_12_GB_LA,2026,12,2026-11-25,GB,LA,0.6501392403500664,0.3498607596499336,LA,20260929T124531Z,,,Pending,,,Scheduled,25.1,20.6,scores_20260930T195751Z,2026-09-30T19:59:28.740791+00:00,,,2026-09-30T19:59:28.740791+00:00,4.5,45.7,,,,,No archived pick,No archived pick,Source line / unavailable
2026_12_KC_BUF,2026,12,2026-11-26,KC,BUF,0.5328569462825096,0.46714305371749043,BUF,20260929T124531Z,,,Pending,,,Scheduled,26.7,24.4,scores_20260930T195751Z,2026-09-30T19:59:28.740791+00:00,,,2026-09-30T19:59:28.740791+00:00,2.3,51.1,,,,,No archived pick,No archived pick,Source line / unavailable
2026_12_LV_CLE,2026,12,2026-11-29,LV,CLE,0.39091725111456876,0.6090827488854312,LV,20260929T124531Z,,,Pending,,,Scheduled,20.4,23.7,scores_20260930T195751Z,2026-09-30T19:59:28.740791+00:00,,,2026-09-30T19:59:28.740791+00:00,-3.3,44.1,,,,,No archived pick,No archived pick,Source line / unavailable
2026_12_NE_LAC,2026,12,2026-11-29,NE,LAC,0.4875407210623112,0.5124592789376887,NE,20260929T124531Z,,,Pending,,,Scheduled,20.7,20.4,scores_20260930T195751Z,2026-09-30T19:59:28.740791+00:00,,,2026-09-30T19:59:28.740791+00:00,0.3,41.1,,,,,No archived pick,No archived pick,Source line / unavailable
2026_12_NO_CIN,2026,12,2026-11-29,NO,CIN,0.6595681753887183,0.34043182461128174,CIN,20260929T124531Z,,,Pending,,,Scheduled,28.7,21.3,scores_20260930T195751Z,2026-09-30T19:59:28.740791+00:00,,,2026-09-30T19:59:28.740791+00:00,7.4,50.0,,,,,No archived pick,No archived pick,Source line / unavailable
2026_12_NYG_IND,2026,12,2026-11-29,NYG,IND,0.5402593553124551,0.45974064468754494,IND,20260929T124531Z,,,Pending,,,Scheduled,22.2,20.3,scores_20260930T195751Z,2026-09-30T19:59:28.740791+00:00,,,2026-09-30T19:59:28.740791+00:00,1.9,42.5,,,,,No archived pick,No archived pick,Source line / unavailable
2026_12_NYJ_MIA,2026,12,2026-11-29,NYJ,MIA,0.3907335406708035,0.6092664593291965,NYJ,20260929T124531Z,,,Pending,,,Scheduled,21.2,23.7,scores_20260930T195751Z,2026-09-30T19:59:28.740791+00:00,,,2026-09-30T19:59:28.740791+00:00,-2.5,44.9,,,,,No archived pick,No archived pick,Source line / unavailable
2026_12_PHI_DAL,2026,12,2026-11-26,PHI,DAL,0.5692662335922302,0.43073376640776984,DAL,20260929T124531Z,,,Pending,,,Scheduled,25.0,20.6,scores_20260930T195751Z,2026-09-30T19:59:28.740791+00:00,,,2026-09-30T19:59:28.740791+00:00,4.4,45.6,,,,,No archived pick,No archived pick,Source line / unavailable
2026_12_SEA_SF,2026,12,2026-11-29,SEA,SF,0.6885608981752824,0.31143910182471757,SF,20260929T124531Z,,,Pending,,,Scheduled,28.4,21.7,scores_20260930T195751Z,2026-09-30T19:59:28.740791+00:00,,,2026-09-30T19:59:28.740791+00:00,6.7,50.1,,,,,No archived pick,No archived pick,Source line / unavailable
2026_12_TEN_JAX,2026,12,2026-11-29,TEN,JAX,0.8598432600914299,0.14015673990857014,JAX,20260929T124531Z,,,Pending,,,Scheduled,28.5,15.5,scores_20260930T195751Z,2026-09-30T19:59:28.740791+00:00,,,2026-09-30T19:59:28.740791+00:00,13.0,44.0,,,,,No archived pick,No archived pick,Source line / unavailable
2026_12_WAS_ARI,2026,12,2026-11-29,WAS,ARI,0.48599192132882446,0.5140080786711756,WAS,20260929T124531Z,,,Pending,,,Scheduled,23.0,22.9,scores_20260930T195751Z,2026-09-30T19:59:28.740791+00:00,,,2026-09-30T19:59:28.740791+00:00,0.1,45.9,,,,,No archived pick,No archived pick,Source line / unavailable
2026_13_BUF_NE,2026,13,2026-12-06,BUF,NE,0.34137098607508154,0.6586290139249185,BUF,20260929T124531Z,,,Pending,,,Scheduled,20.0,26.4,scores_20260930T195751Z,2026-09-30T19:59:28.740791+00:00,,,2026-09-30T19:59:28.740791+00:00,-6.4,46.4,,,,,No archived pick,No archived pick,Source line / unavailable
2026_13_CAR_MIN,2026,13,2026-12-06,CAR,MIN,0.5010984506353219,0.4989015493646781,MIN,20260929T124531Z,,,Pending,,,Scheduled,23.8,22.2,scores_20260930T195751Z,2026-09-30T19:59:28.740791+00:00,,,2026-09-30T19:59:28.740791+00:00,1.6,46.0,,,,,No archived pick,No archived pick,Source line / unavailable
2026_13_CIN_CLE,2026,13,2026-12-06,CIN,CLE,0.3466973196639922,0.6533026803360078,CIN,20260929T124531Z,,,Pending,,,Scheduled,20.9,25.8,scores_20260930T195751Z,2026-09-30T19:59:28.740791+00:00,,,2026-09-30T19:59:28.740791+00:00,-4.9,46.7,,,,,No archived pick,No archived pick,Source line / unavailable
2026_13_DAL_SEA,2026,13,2026-12-07,DAL,SEA,0.5801355174990293,0.41986448250097075,SEA,20260929T124531Z,,,Pending,,,Scheduled,26.5,22.1,scores_20260930T195751Z,2026-09-30T19:59:28.740791+00:00,,,2026-09-30T19:59:28.740791+00:00,4.4,48.6,,,,,No archived pick,No archived pick,Source line / unavailable
2026_13_DET_ATL,2026,13,2026-12-06,DET,ATL,0.40373783321481566,0.5962621667851844,DET,20260929T124531Z,,,Pending,,,Scheduled,21.2,25.7,scores_20260930T195751Z,2026-09-30T19:59:28.740791+00:00,,,2026-09-30T19:59:28.740791+00:00,-4.5,46.9,,,,,No archived pick,No archived pick,Source line / unavailable
2026_13_GB_NO,2026,13,2026-12-06,GB,NO,0.579462978135997,0.420537021864003,NO,20260929T124531Z,,,Pending,,,Scheduled,26.4,21.6,scores_20260930T195751Z,2026-09-30T19:59:28.740791+00:00,,,2026-09-30T19:59:28.740791+00:00,4.8,48.0,,,,,No archived pick,No archived pick,Source line / unavailable
2026_13_HOU_PIT,2026,13,2026-12-06,HOU,PIT,0.6475422945272123,0.35245770547278765,PIT,20260929T124531Z,,,Pending,,,Scheduled,24.1,19.3,scores_20260930T195751Z,2026-09-30T19:59:28.740791+00:00,,,2026-09-30T19:59:28.740791+00:00,4.8,43.4,,,,,No archived pick,No archived pick,Source line / unavailable
2026_13_JAX_CHI,2026,13,2026-12-06,JAX,CHI,0.5210056221071102,0.4789943778928898,CHI,20260929T124531Z,,,Pending,,,Scheduled,25.6,23.7,scores_20260930T195751Z,2026-09-30T19:59:28.740791+00:00,,,2026-09-30T19:59:28.740791+00:00,1.9,49.3,,,,,No archived pick,No archived pick,Source line / unavailable
2026_13_KC_LA,2026,13,2026-12-03,KC,LA,0.44487636769117234,0.5551236323088277,KC,20260929T124531Z,,,Pending,,,Scheduled,22.8,25.5,scores_20260930T195751Z,2026-09-30T19:59:28.740791+00:00,,,2026-09-30T19:59:28.740791+00:00,-2.7,48.3,,,,,No archived pick,No archived pick,Source line / unavailable
2026_13_LAC_TB,2026,13,2026-12-06,LAC,TB,0.5744066062438214,0.42559339375617855,TB,20260929T124531Z,,,Pending,,,Scheduled,22.8,18.6,scores_20260930T195751Z,2026-09-30T19:59:28.740791+00:00,,,2026-09-30T19:59:28.740791+00:00,4.2,41.4,,,,,No archived pick,No archived pick,Source line / unavailable
2026_13_MIA_DEN,2026,13,2026-12-06,MIA,DEN,0.7558281987518338,0.24417180124816618,DEN,20260929T124531Z,,,Pending,,,Scheduled,25.5,17.4,scores_20260930T195751Z,2026-09-30T19:59:28.740791+00:00,,,2026-09-30T19:59:28.740791+00:00,8.1,42.9,,,,,No archived pick,No archived pick,Source line / unavailable
2026_13_PHI_ARI,2026,13,2026-12-06,PHI,ARI,0.5066971931167854,0.4933028068832146,ARI,20260929T124531Z,,,Pending,,,Scheduled,21.9,21.7,scores_20260930T195751Z,2026-09-30T19:59:28.740791+00:00,,,2026-09-30T19:59:28.740791+00:00,0.2,43.6,,,,,No archived pick,No archived pick,Source line / unavailable
2026_13_SF_NYG,2026,13,2026-12-06,SF,NYG,0.32464908535348824,0.6753509146465118,SF,20260929T124531Z,,,Pending,,,Scheduled,20.5,26.6,scores_20260930T195751Z,2026-09-30T19:59:28.740791+00:00,,,2026-09-30T19:59:28.740791+00:00,-6.1,47.1,,,,,No archived pick,No archived pick,Source line / unavailable
2026_13_WAS_TEN,2026,13,2026-12-06,WAS,TEN,0.4350499711553326,0.5649500288446674,WAS,20260929T124531Z,,,Pending,,,Scheduled,21.3,23.0,scores_20260930T195751Z,2026-09-30T19:59:28.740791+00:00,,,2026-09-30T19:59:28.740791+00:00,-1.7,44.3,,,,,No archived pick,No archived pick,Source line / unavailable
2026_14_ATL_CLE,2026,14,2026-12-13,ATL,CLE,0.490564049540453,0.5094359504595469,ATL,20260929T124531Z,,,Pending,,,Scheduled,20.8,20.8,scores_20260930T195751Z,2026-09-30T19:59:28.740791+00:00,,,2026-09-30T19:59:28.740791+00:00,0.0,41.6,,,,,No archived pick,No archived pick,Source line / unavailable
2026_14_BUF_GB,2026,14,2026-12-13,BUF,GB,0.4019122287333783,0.5980877712666217,BUF,20260929T124531Z,,,Pending,,,Scheduled,20.3,26.8,scores_20260930T195751Z,2026-09-30T19:59:28.740791+00:00,,,2026-09-30T19:59:28.740791+00:00,-6.5,47.1,,,,,No archived pick,No archived pick,Source line / unavailable
2026_14_CHI_MIA,2026,14,2026-12-13,CHI,MIA,0.33239709047510985,0.6676029095248901,CHI,20260929T124531Z,,,Pending,,,Scheduled,19.9,26.3,scores_20260930T195751Z,2026-09-30T19:59:28.740791+00:00,,,2026-09-30T19:59:28.740791+00:00,-6.4,46.2,,,,,No archived pick,No archived pick,Source line / unavailable
2026_14_DEN_NYJ,2026,14,2026-12-13,DEN,NYJ,0.611910901468472,0.38808909853152795,NYJ,20260929T124531Z,,,Pending,,,Scheduled,23.5,19.6,scores_20260930T195751Z,2026-09-30T19:59:28.740791+00:00,,,2026-09-30T19:59:28.740791+00:00,3.9,43.1,,,,,No archived pick,No archived pick,Source line / unavailable
2026_14_HOU_WAS,2026,14,2026-12-13,HOU,WAS,0.6286803695231631,0.3713196304768369,WAS,20260929T124531Z,,,Pending,,,Scheduled,24.9,20.2,scores_20260930T195751Z,2026-09-30T19:59:28.740791+00:00,,,2026-09-30T19:59:28.740791+00:00,4.7,45.1,,,,,No archived pick,No archived pick,Source line / unavailable
2026_14_IND_PHI,2026,14,2026-12-13,IND,PHI,0.6159089307871107,0.38409106921288927,PHI,20260929T124531Z,,,Pending,,,Scheduled,24.1,19.5,scores_20260930T195751Z,2026-09-30T19:59:28.740791+00:00,,,2026-09-30T19:59:28.740791+00:00,4.6,43.6,,,,,No archived pick,No archived pick,Source line / unavailable
2026_14_KC_CIN,2026,14,2026-12-13,KC,CIN,0.45494520866126964,0.5450547913387304,KC,20260929T124531Z,,,Pending,,,Scheduled,26.0,25.4,scores_20260930T195751Z,2026-09-30T19:59:28.740791+00:00,,,2026-09-30T19:59:28.740791+00:00,0.6,51.4,,,,,No archived pick,No archived pick,Source line / unavailable
2026_14_LAC_LV,2026,14,2026-12-13,LAC,LV,0.7423085792903787,0.25769142070962126,LV,20260929T124531Z,,,Pending,,,Scheduled,26.5,17.3,scores_20260930T195751Z,2026-09-30T19:59:28.740791+00:00,,,2026-09-30T19:59:28.740791+00:00,9.2,43.8,,,,,No archived pick,No archived pick,Source line / unavailable
2026_14_LA_SF,2026,14,2026-12-13,LA,SF,0.7317537819397145,0.2682462180602855,SF,20260929T124531Z,,,Pending,,,Scheduled,29.1,20.2,scores_20260930T195751Z,2026-09-30T19:59:28.740791+00:00,,,2026-09-30T19:59:28.740791+00:00,8.9,49.3,,,,,No archived pick,No archived pick,Source line / unavailable
2026_14_MIN_NE,2026,14,2026-12-10,MIN,NE,0.4686635404478006,0.5313364595521994,MIN,20260929T124531Z,,,Pending,,,Scheduled,19.3,21.4,scores_20260930T195751Z,2026-09-30T19:59:28.740791+00:00,,,2026-09-30T19:59:28.740791+00:00,-2.1,40.7,,,,,No archived pick,No archived pick,Source line / unavailable
2026_14_NO_CAR,2026,14,2026-12-13,NO,CAR,0.611161191292154,0.38883880870784604,CAR,20260929T124531Z,,,Pending,,,Scheduled,26.2,23.4,scores_20260930T195751Z,2026-09-30T19:59:28.740791+00:00,,,2026-09-30T19:59:28.740791+00:00,2.8,49.6,,,,,No archived pick,No archived pick,Source line / unavailable
2026_14_NYG_SEA,2026,14,2026-12-13,NYG,SEA,0.7328628707901568,0.2671371292098432,SEA,20260929T124531Z,,,Pending,,,Scheduled,27.0,16.7,scores_20260930T195751Z,2026-09-30T19:59:28.740791+00:00,,,2026-09-30T19:59:28.740791+00:00,10.3,43.7,,,,,No archived pick,No archived pick,Source line / unavailable
2026_14_PIT_JAX,2026,14,2026-12-14,PIT,JAX,0.7694815079546466,0.23051849204535335,JAX,20260929T124531Z,,,Pending,,,Scheduled,25.9,18.9,scores_20260930T195751Z,2026-09-30T19:59:28.740791+00:00,,,2026-09-30T19:59:28.740791+00:00,7.0,44.8,,,,,No archived pick,No archived pick,Source line / unavailable
2026_14_TB_BAL,2026,14,2026-12-13,TB,BAL,0.7537300567371964,0.2462699432628036,BAL,20260929T124531Z,,,Pending,,,Scheduled,28.1,18.6,scores_20260930T195751Z,2026-09-30T19:59:28.740791+00:00,,,2026-09-30T19:59:28.740791+00:00,9.5,46.7,,,,,No archived pick,No archived pick,Source line / unavailable
2026_14_TEN_DET,2026,14,2026-12-13,TEN,DET,0.7582140613690295,0.24178593863097053,DET,20260929T124531Z,,,Pending,,,Scheduled,28.7,19.2,scores_20260930T195751Z,2026-09-30T19:59:28.740791+00:00,,,2026-09-30T19:59:28.740791+00:00,9.5,47.9,,,,,No archived pick,No archived pick,Source line / unavailable
2026_15_ATL_WAS,2026,15,2026-12-20,ATL,WAS,0.6027051227591642,0.3972948772408358,WAS,20260929T124531Z,,,Pending,,,Scheduled,24.1,21.2,scores_20260930T195751Z,2026-09-30T19:59:28.740791+00:00,,,2026-09-30T19:59:28.740791+00:00,2.9,45.3,,,,,No archived pick,No archived pick,Source line / unavailable
2026_15_BAL_PIT,2026,15,2026-12-20,BAL,PIT,0.3347970341483114,0.6652029658516886,BAL,20260929T124531Z,,,Pending,,,Scheduled,19.6,25.4,scores_20260930T195751Z,2026-09-30T19:59:28.740791+00:00,,,2026-09-30T19:59:28.740791+00:00,-5.8,45.0,,,,,No archived pick,No archived pick,Source line / unavailable
2026_15_CHI_BUF,2026,15,2026-12-19,CHI,BUF,0.5750865141570656,0.4249134858429344,BUF,20260929T124531Z,,,Pending,,,Scheduled,26.7,22.7,scores_20260930T195751Z,2026-09-30T19:59:28.740791+00:00,,,2026-09-30T19:59:28.740791+00:00,4.0,49.4,,,,,No archived pick,No archived pick,Source line / unavailable
2026_15_CIN_CAR,2026,15,2026-12-20,CIN,CAR,0.49897662250628816,0.5010233774937118,CIN,20260929T124531Z,,,Pending,,,Scheduled,26.1,25.3,scores_20260930T195751Z,2026-09-30T19:59:28.740791+00:00,,,2026-09-30T19:59:28.740791+00:00,0.8,51.4,,,,,No archived pick,No archived pick,Source line / unavailable
2026_15_CLE_NYG,2026,15,2026-12-20,CLE,NYG,0.5529837740279987,0.4470162259720013,NYG,20260929T124531Z,,,Pending,,,Scheduled,23.1,20.6,scores_20260930T195751Z,2026-09-30T19:59:28.740791+00:00,,,2026-09-30T19:59:28.740791+00:00,2.5,43.7,,,,,No archived pick,No archived pick,Source line / unavailable
2026_15_DAL_LA,2026,15,2026-12-20,DAL,LA,0.5405745889019151,0.4594254110980849,LA,20260929T124531Z,,,Pending,,,Scheduled,24.5,24.2,scores_20260930T195751Z,2026-09-30T19:59:28.740791+00:00,,,2026-09-30T19:59:28.740791+00:00,0.3,48.7,,,,,No archived pick,No archived pick,Source line / unavailable
2026_15_DEN_LV,2026,15,2026-12-20,DEN,LV,0.6858582263729683,0.31414177362703166,LV,20260929T124531Z,,,Pending,,,Scheduled,25.7,18.6,scores_20260930T195751Z,2026-09-30T19:59:28.740791+00:00,,,2026-09-30T19:59:28.740791+00:00,7.1,44.3,,,,,No archived pick,No archived pick,Source line / unavailable
2026_15_DET_MIN,2026,15,2026-12-20,DET,MIN,0.3999472615482987,0.6000527384517014,DET,20260929T124531Z,,,Pending,,,Scheduled,23.5,23.9,scores_20260930T195751Z,2026-09-30T19:59:28.740791+00:00,,,2026-09-30T19:59:28.740791+00:00,-0.4,47.4,,,,,No archived pick,No archived pick,Source line / unavailable
2026_15_IND_TEN,2026,15,2026-12-20,IND,TEN,0.49281545821286116,0.5071845417871388,IND,20260929T124531Z,,,Pending,,,Scheduled,21.2,20.8,scores_20260930T195751Z,2026-09-30T19:59:28.740791+00:00,,,2026-09-30T19:59:28.740791+00:00,0.4,42.0,,,,,No archived pick,No archived pick,Source line / unavailable
2026_15_JAX_HOU,2026,15,2026-12-20,JAX,HOU,0.355490669431093,0.644509330568907,JAX,20260929T124531Z,,,Pending,,,Scheduled,20.0,26.2,scores_20260930T195751Z,2026-09-30T19:59:28.740791+00:00,,,2026-09-30T19:59:28.740791+00:00,-6.2,46.2,,,,,No archived pick,No archived pick,Source line / unavailable
2026_15_MIA_GB,2026,15,2026-12-20,MIA,GB,0.6912685225714732,0.3087314774285268,GB,20260929T124531Z,,,Pending,,,Scheduled,24.4,19.2,scores_20260930T195751Z,2026-09-30T19:59:28.740791+00:00,,,2026-09-30T19:59:28.740791+00:00,5.2,43.6,,,,,No archived pick,No archived pick,Source line / unavailable
2026_15_NE_KC,2026,15,2026-12-21,NE,KC,0.871704064511367,0.12829593548863305,KC,20260929T124531Z,,,Pending,,,Scheduled,29.2,15.8,scores_20260930T195751Z,2026-09-30T19:59:28.740791+00:00,,,2026-09-30T19:59:28.740791+00:00,13.4,45.0,,,,,No archived pick,No archived pick,Source line / unavailable
2026_15_NO_TB,2026,15,2026-12-20,NO,TB,0.497601586067672,0.502398413932328,NO,20260929T124531Z,,,Pending,,,Scheduled,22.8,22.7,scores_20260930T195751Z,2026-09-30T19:59:28.740791+00:00,,,2026-09-30T19:59:28.740791+00:00,0.1,45.5,,,,,No archived pick,No archived pick,Source line / unavailable
2026_15_NYJ_ARI,2026,15,2026-12-20,NYJ,ARI,0.4754467005837259,0.524553299416274,NYJ,20260929T124531Z,,,Pending,,,Scheduled,23.3,23.0,scores_20260930T195751Z,2026-09-30T19:59:28.740791+00:00,,,2026-09-30T19:59:28.740791+00:00,0.3,46.3,,,,,No archived pick,No archived pick,Source line / unavailable
2026_15_SEA_PHI,2026,15,2026-12-19,SEA,PHI,0.4583651581107761,0.5416348418892238,SEA,20260929T124531Z,,,Pending,,,Scheduled,21.3,24.5,scores_20260930T195751Z,2026-09-30T19:59:28.740791+00:00,,,2026-09-30T19:59:28.740791+00:00,-3.2,45.8,,,,,No archived pick,No archived pick,Source line / unavailable
2026_15_SF_LAC,2026,15,2026-12-17,SF,LAC,0.37692422424175515,0.6230757757582448,SF,20260929T124531Z,,,Pending,,,Scheduled,20.7,25.6,scores_20260930T195751Z,2026-09-30T19:59:28.740791+00:00,,,2026-09-30T19:59:28.740791+00:00,-4.9,46.3,,,,,No archived pick,No archived pick,Source line / unavailable
2026_16_ARI_NO,2026,16,2026-12-27,ARI,NO,0.5655769222463225,0.4344230777536775,NO,20260929T124531Z,,,Pending,,,Scheduled,26.0,21.9,scores_20260930T195751Z,2026-09-30T19:59:28.740791+00:00,,,2026-09-30T19:59:28.740791+00:00,4.1,47.9,,,,,No archived pick,No archived pick,Source line / unavailable
2026_16_BUF_DEN,2026,16,2026-12-25,BUF,DEN,0.38981772742576604,0.610182272574234,BUF,20260929T124531Z,,,Pending,,,Scheduled,21.0,26.2,scores_20260930T195751Z,2026-09-30T19:59:28.740791+00:00,,,2026-09-30T19:59:28.740791+00:00,-5.2,47.2,,,,,No archived pick,No archived pick,Source line / unavailable
2026_16_CAR_PIT,2026,16,2026-12-27,CAR,PIT,0.4836936665486679,0.516306333451332,CAR,20260929T124531Z,,,Pending,,,Scheduled,22.5,23.0,scores_20260930T195751Z,2026-09-30T19:59:28.740791+00:00,,,2026-09-30T19:59:28.740791+00:00,-0.5,45.5,,,,,No archived pick,No archived pick,Source line / unavailable
2026_16_CIN_IND,2026,16,2026-12-27,CIN,IND,0.3733619177344862,0.6266380822655138,CIN,20260929T124531Z,,,Pending,,,Scheduled,20.7,25.4,scores_20260930T195751Z,2026-09-30T19:59:28.740791+00:00,,,2026-09-30T19:59:28.740791+00:00,-4.7,46.1,,,,,No archived pick,No archived pick,Source line / unavailable
2026_16_CLE_BAL,2026,16,2026-12-27,CLE,BAL,0.7129711170840622,0.28702888291593776,BAL,20260929T124531Z,,,Pending,,,Scheduled,28.0,18.7,scores_20260930T195751Z,2026-09-30T19:59:28.740791+00:00,,,2026-09-30T19:59:28.740791+00:00,9.3,46.7,,,,,No archived pick,No archived pick,Source line / unavailable
2026_16_GB_CHI,2026,16,2026-12-25,GB,CHI,0.6374763422583615,0.3625236577416385,CHI,20260929T124531Z,,,Pending,,,Scheduled,25.4,20.4,scores_20260930T195751Z,2026-09-30T19:59:28.740791+00:00,,,2026-09-30T19:59:28.740791+00:00,5.0,45.8,,,,,No archived pick,No archived pick,Source line / unavailable
2026_16_HOU_PHI,2026,16,2026-12-24,HOU,PHI,0.6566081093708106,0.3433918906291894,PHI,20260929T124531Z,,,Pending,,,Scheduled,24.4,19.3,scores_20260930T195751Z,2026-09-30T19:59:28.740791+00:00,,,2026-09-30T19:59:28.740791+00:00,5.1,43.7,,,,,No archived pick,No archived pick,Source line / unavailable
2026_16_JAX_DAL,2026,16,2026-12-27,JAX,DAL,0.4761884360066107,0.5238115639933894,JAX,20260929T124531Z,,,Pending,,,Scheduled,25.0,26.2,scores_20260930T195751Z,2026-09-30T19:59:28.740791+00:00,,,2026-09-30T19:59:28.740791+00:00,-1.2,51.2,,,,,No archived pick,No archived pick,Source line / unavailable
2026_16_LAC_MIA,2026,16,2026-12-27,LAC,MIA,0.4449599806227415,0.5550400193772584,LAC,20260929T124531Z,,,Pending,,,Scheduled,20.7,21.7,scores_20260930T195751Z,2026-09-30T19:59:28.740791+00:00,,,2026-09-30T19:59:28.740791+00:00,-1.0,42.4,,,,,No archived pick,No archived pick,Source line / unavailable
2026_16_LA_SEA,2026,16,2026-12-25,LA,SEA,0.676685713034984,0.32331428696501596,SEA,20260929T124531Z,,,Pending,,,Scheduled,27.2,20.0,scores_20260930T195751Z,2026-09-30T19:59:28.740791+00:00,,,2026-09-30T19:59:28.740791+00:00,7.2,47.2,,,,,No archived pick,No archived pick,Source line / unavailable
2026_16_NE_NYJ,2026,16,2026-12-27,NE,NYJ,0.6979142872065056,0.3020857127934944,NYJ,20260929T124531Z,,,Pending,,,Scheduled,25.3,18.6,scores_20260930T195751Z,2026-09-30T19:59:28.740791+00:00,,,2026-09-30T19:59:28.740791+00:00,6.7,43.9,,,,,No archived pick,No archived pick,Source line / unavailable
2026_16_NYG_DET,2026,16,2026-12-28,NYG,DET,0.7117417797032628,0.2882582202967372,DET,20260929T124531Z,,,Pending,,,Scheduled,27.6,21.9,scores_20260930T195751Z,2026-09-30T19:59:28.740791+00:00,,,2026-09-30T19:59:28.740791+00:00,5.7,49.5,,,,,No archived pick,No archived pick,Source line / unavailable
2026_16_SF_KC,2026,16,2026-12-27,SF,KC,0.5224181539298544,0.47758184607014564,KC,20260929T124531Z,,,Pending,,,Scheduled,27.6,24.3,scores_20260930T195751Z,2026-09-30T19:59:28.740791+00:00,,,2026-09-30T19:59:28.740791+00:00,3.3,51.9,,,,,No archived pick,No archived pick,Source line / unavailable
2026_16_TB_ATL,2026,16,2026-12-27,TB,ATL,0.5261927181556332,0.4738072818443668,ATL,20260929T124531Z,,,Pending,,,Scheduled,20.8,20.2,scores_20260930T195751Z,2026-09-30T19:59:28.740791+00:00,,,2026-09-30T19:59:28.740791+00:00,0.6,41.0,,,,,No archived pick,No archived pick,Source line / unavailable
2026_16_TEN_LV,2026,16,2026-12-27,TEN,LV,0.7687104309595704,0.23128956904042963,LV,20260929T124531Z,,,Pending,,,Scheduled,27.9,16.5,scores_20260930T195751Z,2026-09-30T19:59:28.740791+00:00,,,2026-09-30T19:59:28.740791+00:00,11.4,44.4,,,,,No archived pick,No archived pick,Source line / unavailable
2026_16_WAS_MIN,2026,16,2026-12-27,WAS,MIN,0.5211727012051958,0.47882729879480423,MIN,20260929T124531Z,,,Pending,,,Scheduled,23.9,20.1,scores_20260930T195751Z,2026-09-30T19:59:28.740791+00:00,,,2026-09-30T19:59:28.740791+00:00,3.8,44.0,,,,,No archived pick,No archived pick,Source line / unavailable
2026_17_BAL_CIN,2026,17,2026-12-31,BAL,CIN,0.46579933606592844,0.5342006639340715,BAL,20260929T124531Z,,,Pending,,,Scheduled,25.9,25.2,scores_20260930T195751Z,2026-09-30T19:59:28.740791+00:00,,,2026-09-30T19:59:28.740791+00:00,0.7,51.1,,,,,No archived pick,No archived pick,Source line / unavailable
2026_17_BUF_MIA,2026,17,2027-01-03,BUF,MIA,0.3274629058204482,0.6725370941795519,BUF,20260929T124531Z,,,Pending,,,Scheduled,19.7,27.1,scores_20260930T195751Z,2026-09-30T19:59:28.740791+00:00,,,2026-09-30T19:59:28.740791+00:00,-7.4,46.8,,,,,No archived pick,No archived pick,Source line / unavailable
2026_17_DEN_NE,2026,17,2027-01-03,DEN,NE,0.45768296260797414,0.5423170373920259,DEN,20260929T124531Z,,,Pending,,,Scheduled,20.4,21.1,scores_20260930T195751Z,2026-09-30T19:59:28.740791+00:00,,,2026-09-30T19:59:28.740791+00:00,-0.7,41.5,,,,,No archived pick,No archived pick,Source line / unavailable
2026_17_DET_CHI,2026,17,2027-01-03,DET,CHI,0.5060510849268736,0.49394891507312644,CHI,20260929T124531Z,,,Pending,,,Scheduled,25.5,23.9,scores_20260930T195751Z,2026-09-30T19:59:28.740791+00:00,,,2026-09-30T19:59:28.740791+00:00,1.6,49.4,,,,,No archived pick,No archived pick,Source line / unavailable
2026_17_HOU_GB,2026,17,2027-01-04,HOU,GB,0.5617012713962959,0.4382987286037041,GB,20260929T124531Z,,,Pending,,,Scheduled,22.9,20.8,scores_20260930T195751Z,2026-09-30T19:59:28.740791+00:00,,,2026-09-30T19:59:28.740791+00:00,2.1,43.7,,,,,No archived pick,No archived pick,Source line / unavailable
2026_17_IND_CLE,2026,17,2027-01-03,IND,CLE,0.5309563488469947,0.4690436511530053,CLE,20260929T124531Z,,,Pending,,,Scheduled,21.6,20.7,scores_20260930T195751Z,2026-09-30T19:59:28.740791+00:00,,,2026-09-30T19:59:28.740791+00:00,0.9,42.3,,,,,No archived pick,No archived pick,Source line / unavailable
2026_17_KC_LAC,2026,17,2027-01-03,KC,LAC,0.31534748090656994,0.6846525190934301,KC,20260929T124531Z,,,Pending,,,Scheduled,20.2,25.4,scores_20260930T195751Z,2026-09-30T19:59:28.740791+00:00,,,2026-09-30T19:59:28.740791+00:00,-5.2,45.6,,,,,No archived pick,No archived pick,Source line / unavailable
2026_17_LA_TB,2026,17,2027-01-03,LA,TB,0.45995763487254676,0.5400423651274533,LA,20260929T124531Z,,,Pending,,,Scheduled,22.3,22.6,scores_20260930T195751Z,2026-09-30T19:59:28.740791+00:00,,,2026-09-30T19:59:28.740791+00:00,-0.3,44.9,,,,,No archived pick,No archived pick,Source line / unavailable
2026_17_LV_ARI,2026,17,2027-01-03,LV,ARI,0.4583175065893721,0.5416824934106279,LV,20260929T124531Z,,,Pending,,,Scheduled,23.0,22.0,scores_20260930T195751Z,2026-09-30T19:59:28.740791+00:00,,,2026-09-30T19:59:28.740791+00:00,1.0,45.0,,,,,No archived pick,No archived pick,Source line / unavailable
2026_17_MIN_NYJ,2026,17,2027-01-03,MIN,NYJ,0.5416675490770472,0.4583324509229528,NYJ,20260929T124531Z,,,Pending,,,Scheduled,21.9,22.3,scores_20260930T195751Z,2026-09-30T19:59:28.740791+00:00,,,2026-09-30T19:59:28.740791+00:00,-0.4,44.2,,,,,No archived pick,No archived pick,Source line / unavailable
2026_17_NO_ATL,2026,17,2027-01-03,NO,ATL,0.47474208928693484,0.5252579107130652,NO,20260929T124531Z,,,Pending,,,Scheduled,22.2,22.7,scores_20260930T195751Z,2026-09-30T19:59:28.740791+00:00,,,2026-09-30T19:59:28.740791+00:00,-0.5,44.9,,,,,No archived pick,No archived pick,Source line / unavailable
2026_17_NYG_DAL,2026,17,2027-01-03,NYG,DAL,0.6771762893148379,0.32282371068516214,DAL,20260929T124531Z,,,Pending,,,Scheduled,26.3,19.6,scores_20260930T195751Z,2026-09-30T19:59:28.740791+00:00,,,2026-09-30T19:59:28.740791+00:00,6.7,45.9,,,,,No archived pick,No archived pick,Source line / unavailable
2026_17_PHI_SF,2026,17,2027-01-03,PHI,SF,0.7462307528672102,0.2537692471327898,SF,20260929T124531Z,,,Pending,,,Scheduled,28.5,18.3,scores_20260930T195751Z,2026-09-30T19:59:28.740791+00:00,,,2026-09-30T19:59:28.740791+00:00,10.2,46.8,,,,,No archived pick,No archived pick,Source line / unavailable
2026_17_PIT_TEN,2026,17,2027-01-03,PIT,TEN,0.4807311884089082,0.5192688115910917,PIT,20260929T124531Z,,,Pending,,,Scheduled,20.3,21.6,scores_20260930T195751Z,2026-09-30T19:59:28.740791+00:00,,,2026-09-30T19:59:28.740791+00:00,-1.3,41.9,,,,,No archived pick,No archived pick,Source line / unavailable
2026_17_SEA_CAR,2026,17,2027-01-03,SEA,CAR,0.46561401077576037,0.5343859892242396,SEA,20260929T124531Z,,,Pending,,,Scheduled,25.0,24.7,scores_20260930T195751Z,2026-09-30T19:59:28.740791+00:00,,,2026-09-30T19:59:28.740791+00:00,0.3,49.7,,,,,No archived pick,No archived pick,Source line / unavailable
2026_17_WAS_JAX,2026,17,2027-01-03,WAS,JAX,0.6193802504075363,0.3806197495924637,JAX,20260929T124531Z,,,Pending,,,Scheduled,26.7,18.6,scores_20260930T195751Z,2026-09-30T19:59:28.740791+00:00,,,2026-09-30T19:59:28.740791+00:00,8.1,45.3,,,,,No archived pick,No archived pick,Source line / unavailable
2026_18_ATL_CAR,2026,18,2027-01-10,ATL,CAR,0.6519964120798738,0.3480035879201262,CAR,20260929T124531Z,,,Pending,,,Scheduled,24.5,19.1,scores_20260930T195751Z,2026-09-30T19:59:28.740791+00:00,,,2026-09-30T19:59:28.740791+00:00,5.4,43.6,,,,,No archived pick,No archived pick,Source line / unavailable
2026_18_CHI_MIN,2026,18,2027-01-10,CHI,MIN,0.4964255228563132,0.5035744771436867,CHI,20260929T124531Z,,,Pending,,,Scheduled,23.2,22.5,scores_20260930T195751Z,2026-09-30T19:59:28.740791+00:00,,,2026-09-30T19:59:28.740791+00:00,0.7,45.7,,,,,No archived pick,No archived pick,Source line / unavailable
2026_18_CLE_CIN,2026,18,2027-01-10,CLE,CIN,0.7310378705976303,0.26896212940236974,CIN,20260929T124531Z,,,Pending,,,Scheduled,27.4,19.2,scores_20260930T195751Z,2026-09-30T19:59:28.740791+00:00,,,2026-09-30T19:59:28.740791+00:00,8.2,46.6,,,,,No archived pick,No archived pick,Source line / unavailable
2026_18_DAL_WAS,2026,18,2027-01-10,DAL,WAS,0.426727047213193,0.573272952786807,DAL,20260929T124531Z,,,Pending,,,Scheduled,23.6,26.4,scores_20260930T195751Z,2026-09-30T19:59:28.740791+00:00,,,2026-09-30T19:59:28.740791+00:00,-2.8,50.0,,,,,No archived pick,No archived pick,Source line / unavailable
2026_18_DET_GB,2026,18,2027-01-10,DET,GB,0.4196826233997146,0.5803173766002854,DET,20260929T124531Z,,,Pending,,,Scheduled,20.7,27.1,scores_20260930T195751Z,2026-09-30T19:59:28.740791+00:00,,,2026-09-30T19:59:28.740791+00:00,-6.4,47.8,,,,,No archived pick,No archived pick,Source line / unavailable
2026_18_JAX_IND,2026,18,2027-01-10,JAX,IND,0.3599405316879175,0.6400594683120825,JAX,20260929T124531Z,,,Pending,,,Scheduled,21.2,26.7,scores_20260930T195751Z,2026-09-30T19:59:28.740791+00:00,,,2026-09-30T19:59:28.740791+00:00,-5.5,47.9,,,,,No archived pick,No archived pick,Source line / unavailable
2026_18_LAC_DEN,2026,18,2027-01-10,LAC,DEN,0.7169953552097829,0.28300464479021714,DEN,20260929T124531Z,,,Pending,,,Scheduled,24.5,17.5,scores_20260930T195751Z,2026-09-30T19:59:28.740791+00:00,,,2026-09-30T19:59:28.740791+00:00,7.0,42.0,,,,,No archived pick,No archived pick,Source line / unavailable
2026_18_LV_KC,2026,18,2027-01-10,LV,KC,0.6725857182318319,0.3274142817681681,KC,20260929T124531Z,,,Pending,,,Scheduled,25.8,20.9,scores_20260930T195751Z,2026-09-30T19:59:28.740791+00:00,,,2026-09-30T19:59:28.740791+00:00,4.9,46.7,,,,,No archived pick,No archived pick,Source line / unavailable
2026_18_MIA_NE,2026,18,2027-01-10,MIA,NE,0.6273171430006091,0.37268285699939085,NE,20260929T124531Z,,,Pending,,,Scheduled,23.2,17.8,scores_20260930T195751Z,2026-09-30T19:59:28.740791+00:00,,,2026-09-30T19:59:28.740791+00:00,5.4,41.0,,,,,No archived pick,No archived pick,Source line / unavailable
2026_18_NYJ_BUF,2026,18,2027-01-10,NYJ,BUF,0.5922632565205802,0.4077367434794198,BUF,20260929T124531Z,,,Pending,,,Scheduled,28.3,20.6,scores_20260930T195751Z,2026-09-30T19:59:28.740791+00:00,,,2026-09-30T19:59:28.740791+00:00,7.7,48.9,,,,,No archived pick,No archived pick,Source line / unavailable
2026_18_PHI_NYG,2026,18,2027-01-10,PHI,NYG,0.49543820149805784,0.5045617985019422,PHI,20260929T124531Z,,,Pending,,,Scheduled,20.7,21.3,scores_20260930T195751Z,2026-09-30T19:59:28.740791+00:00,,,2026-09-30T19:59:28.740791+00:00,-0.6,42.0,,,,,No archived pick,No archived pick,Source line / unavailable
2026_18_PIT_BAL,2026,18,2027-01-10,PIT,BAL,0.6937373272136453,0.30626267278635466,BAL,20260929T124531Z,,,Pending,,,Scheduled,26.5,19.0,scores_20260930T195751Z,2026-09-30T19:59:28.740791+00:00,,,2026-09-30T19:59:28.740791+00:00,7.5,45.5,,,,,No archived pick,No archived pick,Source line / unavailable
2026_18_SEA_LA,2026,18,2027-01-10,SEA,LA,0.4620264662764499,0.5379735337235501,SEA,20260929T124531Z,,,Pending,,,Scheduled,22.7,25.1,scores_20260930T195751Z,2026-09-30T19:59:28.740791+00:00,,,2026-09-30T19:59:28.740791+00:00,-2.4,47.8,,,,,No archived pick,No archived pick,Source line / unavailable
2026_18_SF_ARI,2026,18,2027-01-10,SF,ARI,0.3800106535413376,0.6199893464586623,SF,20260929T124531Z,,,Pending,,,Scheduled,22.4,26.2,scores_20260930T195751Z,2026-09-30T19:59:28.740791+00:00,,,2026-09-30T19:59:28.740791+00:00,-3.8,48.6,,,,,No archived pick,No archived pick,Source line / unavailable
2026_18_TB_NO,2026,18,2027-01-10,TB,NO,0.6370428922542598,0.3629571077457402,NO,20260929T124531Z,,,Pending,,,Scheduled,25.5,20.6,scores_20260930T195751Z,2026-09-30T19:59:28.740791+00:00,,,2026-09-30T19:59:28.740791+00:00,4.9,46.1,,,,,No archived pick,No archived pick,Source line / unavailable
2026_18_TEN_HOU,2026,18,2027-01-10,TEN,HOU,0.6180957655326484,0.38190423446735156,HOU,20260929T124531Z,,,Pending,,,Scheduled,21.6,19.3,scores_20260930T195751Z,2026-09-30T19:59:28.740791+00:00,,,2026-09-30T19:59:28.740791+00:00,2.3,40.9,,,,,No archived pick,No archived pick,Source line / unavailable
