game_id,predicted_home_score,predicted_away_score,score_model_version,score_forecast_at,market_home_spread,market_total,line_observed_at
2026_05_BAL_ATL,20.2,25.7,scores_20260930T205050Z_Ridge,2026-10-06T13:29:07.340093+00:00,2.5,45.5,2026-10-06T13:29:07.340093+00:00
2026_05_BUF_LA,25.1,25.3,scores_20260930T205050Z_Ridge,2026-10-06T13:29:07.340093+00:00,-2.5,54.5,2026-10-06T13:29:07.340093+00:00
2026_05_CHI_GB,19.6,26.4,scores_20260930T205050Z_Ridge,2026-10-06T13:29:07.340093+00:00,3.0,45.5,2026-10-06T13:29:07.340093+00:00
2026_05_CIN_MIA,18.9,26.8,scores_20260930T205050Z_Ridge,2026-10-06T13:29:07.340093+00:00,7.0,42.5,2026-10-06T13:29:07.340093+00:00
2026_05_CLE_NYJ,23.8,21.1,scores_20260930T205050Z_Ridge,2026-10-06T13:29:07.340093+00:00,-2.5,39.5,2026-10-06T13:29:07.340093+00:00
2026_05_DEN_LAC,18.0,25.0,scores_20260930T205050Z_Ridge,2026-10-06T13:29:07.340093+00:00,3.5,42.5,2026-10-06T13:29:07.340093+00:00
2026_05_DET_ARI,22.3,28.5,scores_20260930T205050Z_Ridge,2026-10-06T13:29:07.340093+00:00,4.5,54.5,2026-10-06T13:29:07.340093+00:00
2026_05_HOU_TEN,21.8,22.9,scores_20260930T205050Z_Ridge,2026-10-06T13:29:07.340093+00:00,7.0,39.5,2026-10-06T13:29:07.340093+00:00
2026_05_IND_PIT,23.7,18.5,scores_20260930T205050Z_Ridge,2026-10-06T13:29:07.340093+00:00,-2.5,44.5,2026-10-06T13:29:07.340093+00:00
2026_05_LV_NE,23.7,20.0,scores_20260930T205050Z_Ridge,2026-10-06T13:29:07.340093+00:00,-3.5,45.5,2026-10-06T13:29:07.340093+00:00
2026_05_MIN_NO,21.3,22.3,scores_20260930T205050Z_Ridge,2026-10-06T13:29:07.340093+00:00,1.5,42.5,2026-10-06T13:29:07.340093+00:00
2026_05_NYG_WAS,22.0,21.8,scores_20260930T205050Z_Ridge,2026-10-06T13:29:07.340093+00:00,-3.0,43.5,2026-10-06T13:29:07.340093+00:00
2026_05_PHI_JAX,23.7,19.9,scores_20260930T205050Z_Ridge,2026-10-06T13:29:07.340093+00:00,-6.5,42.5,2026-10-06T13:29:07.340093+00:00
2026_05_SF_SEA,23.0,26.5,scores_20260930T205050Z_Ridge,2026-10-06T13:29:07.340093+00:00,-3.0,47.5,2026-10-06T13:29:07.340093+00:00
2026_05_TB_DAL,25.4,22.0,scores_20260930T205050Z_Ridge,2026-10-06T13:29:07.340093+00:00,-9.5,47.5,2026-10-06T13:29:07.340093+00:00
2026_06_ARI_LA,26.0,18.2,scores_20260930T205050Z_Ridge,2026-10-06T13:29:07.340093+00:00,,,2026-10-06T13:29:07.340093+00:00
2026_06_BAL_CLE,17.1,29.0,scores_20260930T205050Z_Ridge,2026-10-06T13:29:07.340093+00:00,,,2026-10-06T13:29:07.340093+00:00
2026_06_BUF_LV,22.5,29.3,scores_20260930T205050Z_Ridge,2026-10-06T13:29:07.340093+00:00,,,2026-10-06T13:29:07.340093+00:00
2026_06_CAR_PHI,25.1,21.8,scores_20260930T205050Z_Ridge,2026-10-06T13:29:07.340093+00:00,,,2026-10-06T13:29:07.340093+00:00
2026_06_CHI_ATL,22.9,23.7,scores_20260930T205050Z_Ridge,2026-10-06T13:29:07.340093+00:00,,,2026-10-06T13:29:07.340093+00:00
2026_06_DAL_GB,22.5,26.7,scores_20260930T205050Z_Ridge,2026-10-06T13:29:07.340093+00:00,,,2026-10-06T13:29:07.340093+00:00
2026_06_HOU_JAX,26.4,20.4,scores_20260930T205050Z_Ridge,2026-10-06T13:29:07.340093+00:00,,,2026-10-06T13:29:07.340093+00:00
2026_06_LAC_KC,27.0,16.2,scores_20260930T205050Z_Ridge,2026-10-06T13:29:07.340093+00:00,,,2026-10-06T13:29:07.340093+00:00
2026_06_NO_NYG,24.2,21.1,scores_20260930T205050Z_Ridge,2026-10-06T13:29:07.340093+00:00,,,2026-10-06T13:29:07.340093+00:00
2026_06_NYJ_NE,24.7,17.0,scores_20260930T205050Z_Ridge,2026-10-06T13:29:07.340093+00:00,,,2026-10-06T13:29:07.340093+00:00
2026_06_PIT_TB,23.2,21.9,scores_20260930T205050Z_Ridge,2026-10-06T13:29:07.340093+00:00,,,2026-10-06T13:29:07.340093+00:00
2026_06_SEA_DEN,22.5,22.4,scores_20260930T205050Z_Ridge,2026-10-06T13:29:07.340093+00:00,,,2026-10-06T13:29:07.340093+00:00
2026_06_TEN_IND,21.9,20.9,scores_20260930T205050Z_Ridge,2026-10-06T13:29:07.340093+00:00,,,2026-10-06T13:29:07.340093+00:00
2026_06_WAS_SF,29.8,15.3,scores_20260930T205050Z_Ridge,2026-10-06T13:29:07.340093+00:00,,,2026-10-06T13:29:07.340093+00:00
2026_07_CIN_BAL,26.8,21.6,scores_20260930T205050Z_Ridge,2026-10-06T13:29:07.340093+00:00,,,2026-10-06T13:29:07.340093+00:00
2026_07_CLE_TEN,24.6,20.3,scores_20260930T205050Z_Ridge,2026-10-06T13:29:07.340093+00:00,,,2026-10-06T13:29:07.340093+00:00
2026_07_DAL_PHI,24.4,23.5,scores_20260930T205050Z_Ridge,2026-10-06T13:29:07.340093+00:00,,,2026-10-06T13:29:07.340093+00:00
2026_07_DEN_ARI,19.9,25.6,scores_20260930T205050Z_Ridge,2026-10-06T13:29:07.340093+00:00,,,2026-10-06T13:29:07.340093+00:00
2026_07_GB_DET,30.0,22.4,scores_20260930T205050Z_Ridge,2026-10-06T13:29:07.340093+00:00,,,2026-10-06T13:29:07.340093+00:00
2026_07_IND_MIN,26.2,18.4,scores_20260930T205050Z_Ridge,2026-10-06T13:29:07.340093+00:00,,,2026-10-06T13:29:07.340093+00:00
2026_07_KC_SEA,24.1,23.7,scores_20260930T205050Z_Ridge,2026-10-06T13:29:07.340093+00:00,,,2026-10-06T13:29:07.340093+00:00
2026_07_LA_LV,22.6,25.2,scores_20260930T205050Z_Ridge,2026-10-06T13:29:07.340093+00:00,,,2026-10-06T13:29:07.340093+00:00
2026_07_MIA_NYJ,21.9,19.0,scores_20260930T205050Z_Ridge,2026-10-06T13:29:07.340093+00:00,,,2026-10-06T13:29:07.340093+00:00
2026_07_NE_CHI,26.8,18.3,scores_20260930T205050Z_Ridge,2026-10-06T13:29:07.340093+00:00,,,2026-10-06T13:29:07.340093+00:00
2026_07_NYG_HOU,24.2,20.2,scores_20260930T205050Z_Ridge,2026-10-06T13:29:07.340093+00:00,,,2026-10-06T13:29:07.340093+00:00
2026_07_PIT_NO,21.6,23.7,scores_20260930T205050Z_Ridge,2026-10-06T13:29:07.340093+00:00,,,2026-10-06T13:29:07.340093+00:00
2026_07_SF_ATL,22.4,26.3,scores_20260930T205050Z_Ridge,2026-10-06T13:29:07.340093+00:00,,,2026-10-06T13:29:07.340093+00:00
2026_07_TB_CAR,21.1,21.6,scores_20260930T205050Z_Ridge,2026-10-06T13:29:07.340093+00:00,,,2026-10-06T13:29:07.340093+00:00
2026_08_ARI_DAL,27.7,21.7,scores_20260930T205050Z_Ridge,2026-10-06T13:29:07.340093+00:00,,,2026-10-06T13:29:07.340093+00:00
2026_08_ATL_TB,22.7,22.0,scores_20260930T205050Z_Ridge,2026-10-06T13:29:07.340093+00:00,,,2026-10-06T13:29:07.340093+00:00
2026_08_BAL_BUF,26.2,24.9,scores_20260930T205050Z_Ridge,2026-10-06T13:29:07.340093+00:00,,,2026-10-06T13:29:07.340093+00:00
2026_08_CAR_GB,23.6,24.5,scores_20260930T205050Z_Ridge,2026-10-06T13:29:07.340093+00:00,,,2026-10-06T13:29:07.340093+00:00
2026_08_CHI_SEA,24.2,24.1,scores_20260930T205050Z_Ridge,2026-10-06T13:29:07.340093+00:00,,,2026-10-06T13:29:07.340093+00:00
2026_08_CLE_PIT,23.8,17.7,scores_20260930T205050Z_Ridge,2026-10-06T13:29:07.340093+00:00,,,2026-10-06T13:29:07.340093+00:00
2026_08_IND_JAX,27.8,17.7,scores_20260930T205050Z_Ridge,2026-10-06T13:29:07.340093+00:00,,,2026-10-06T13:29:07.340093+00:00
2026_08_KC_DEN,22.3,23.6,scores_20260930T205050Z_Ridge,2026-10-06T13:29:07.340093+00:00,,,2026-10-06T13:29:07.340093+00:00
2026_08_LAC_LA,26.1,17.3,scores_20260930T205050Z_Ridge,2026-10-06T13:29:07.340093+00:00,,,2026-10-06T13:29:07.340093+00:00
2026_08_LV_NYJ,22.0,23.3,scores_20260930T205050Z_Ridge,2026-10-06T13:29:07.340093+00:00,,,2026-10-06T13:29:07.340093+00:00
2026_08_MIN_DET,28.1,22.8,scores_20260930T205050Z_Ridge,2026-10-06T13:29:07.340093+00:00,,,2026-10-06T13:29:07.340093+00:00
2026_08_NE_MIA,17.1,24.4,scores_20260930T205050Z_Ridge,2026-10-06T13:29:07.340093+00:00,,,2026-10-06T13:29:07.340093+00:00
2026_08_PHI_WAS,18.1,23.2,scores_20260930T205050Z_Ridge,2026-10-06T13:29:07.340093+00:00,,,2026-10-06T13:29:07.340093+00:00
2026_08_TEN_CIN,28.5,20.3,scores_20260930T205050Z_Ridge,2026-10-06T13:29:07.340093+00:00,,,2026-10-06T13:29:07.340093+00:00
2026_09_ARI_SEA,25.2,20.1,scores_20260930T205050Z_Ridge,2026-10-06T13:29:07.340093+00:00,,,2026-10-06T13:29:07.340093+00:00
2026_09_BUF_MIN,22.7,27.1,scores_20260930T205050Z_Ridge,2026-10-06T13:29:07.340093+00:00,,,2026-10-06T13:29:07.340093+00:00
2026_09_CIN_ATL,24.3,21.9,scores_20260930T205050Z_Ridge,2026-10-06T13:29:07.340093+00:00,,,2026-10-06T13:29:07.340093+00:00
2026_09_CLE_NO,26.0,20.5,scores_20260930T205050Z_Ridge,2026-10-06T13:29:07.340093+00:00,,,2026-10-06T13:29:07.340093+00:00
2026_09_DAL_IND,22.8,26.4,scores_20260930T205050Z_Ridge,2026-10-06T13:29:07.340093+00:00,,,2026-10-06T13:29:07.340093+00:00
2026_09_DEN_CAR,22.2,23.5,scores_20260930T205050Z_Ridge,2026-10-06T13:29:07.340093+00:00,,,2026-10-06T13:29:07.340093+00:00
2026_09_DET_MIA,18.8,29.7,scores_20260930T205050Z_Ridge,2026-10-06T13:29:07.340093+00:00,,,2026-10-06T13:29:07.340093+00:00
2026_09_GB_NE,23.1,18.8,scores_20260930T205050Z_Ridge,2026-10-06T13:29:07.340093+00:00,,,2026-10-06T13:29:07.340093+00:00
2026_09_HOU_LAC,21.0,24.1,scores_20260930T205050Z_Ridge,2026-10-06T13:29:07.340093+00:00,,,2026-10-06T13:29:07.340093+00:00
2026_09_JAX_BAL,28.2,24.6,scores_20260930T205050Z_Ridge,2026-10-06T13:29:07.340093+00:00,,,2026-10-06T13:29:07.340093+00:00
2026_09_LA_WAS,20.1,26.8,scores_20260930T205050Z_Ridge,2026-10-06T13:29:07.340093+00:00,,,2026-10-06T13:29:07.340093+00:00
2026_09_LV_SF,29.5,17.7,scores_20260930T205050Z_Ridge,2026-10-06T13:29:07.340093+00:00,,,2026-10-06T13:29:07.340093+00:00
2026_09_NYG_PHI,24.2,18.0,scores_20260930T205050Z_Ridge,2026-10-06T13:29:07.340093+00:00,,,2026-10-06T13:29:07.340093+00:00
2026_09_NYJ_KC,29.4,15.7,scores_20260930T205050Z_Ridge,2026-10-06T13:29:07.340093+00:00,,,2026-10-06T13:29:07.340093+00:00
2026_09_TB_CHI,25.0,18.5,scores_20260930T205050Z_Ridge,2026-10-06T13:29:07.340093+00:00,,,2026-10-06T13:29:07.340093+00:00
2026_10_BUF_NYJ,19.5,29.6,scores_20260930T205050Z_Ridge,2026-10-06T13:29:07.340093+00:00,,,2026-10-06T13:29:07.340093+00:00
2026_10_CAR_NO,23.8,24.4,scores_20260930T205050Z_Ridge,2026-10-06T13:29:07.340093+00:00,,,2026-10-06T13:29:07.340093+00:00
2026_10_HOU_CLE,22.5,24.3,scores_20260930T205050Z_Ridge,2026-10-06T13:29:07.340093+00:00,,,2026-10-06T13:29:07.340093+00:00
2026_10_JAX_TEN,21.0,26.7,scores_20260930T205050Z_Ridge,2026-10-06T13:29:07.340093+00:00,,,2026-10-06T13:29:07.340093+00:00
2026_10_KC_ATL,22.4,23.5,scores_20260930T205050Z_Ridge,2026-10-06T13:29:07.340093+00:00,,,2026-10-06T13:29:07.340093+00:00
2026_10_LAC_BAL,28.8,17.9,scores_20260930T205050Z_Ridge,2026-10-06T13:29:07.340093+00:00,,,2026-10-06T13:29:07.340093+00:00
2026_10_LA_ARI,20.3,26.1,scores_20260930T205050Z_Ridge,2026-10-06T13:29:07.340093+00:00,,,2026-10-06T13:29:07.340093+00:00
2026_10_MIA_IND,23.6,18.6,scores_20260930T205050Z_Ridge,2026-10-06T13:29:07.340093+00:00,,,2026-10-06T13:29:07.340093+00:00
2026_10_MIN_GB,19.5,21.6,scores_20260930T205050Z_Ridge,2026-10-06T13:29:07.340093+00:00,,,2026-10-06T13:29:07.340093+00:00
2026_10_NE_DET,29.9,23.6,scores_20260930T205050Z_Ridge,2026-10-06T13:29:07.340093+00:00,,,2026-10-06T13:29:07.340093+00:00
2026_10_PIT_CIN,24.4,22.6,scores_20260930T205050Z_Ridge,2026-10-06T13:29:07.340093+00:00,,,2026-10-06T13:29:07.340093+00:00
2026_10_SEA_LV,21.3,24.2,scores_20260930T205050Z_Ridge,2026-10-06T13:29:07.340093+00:00,,,2026-10-06T13:29:07.340093+00:00
2026_10_SF_DAL,25.7,28.0,scores_20260930T205050Z_Ridge,2026-10-06T13:29:07.340093+00:00,,,2026-10-06T13:29:07.340093+00:00
2026_10_WAS_NYG,22.3,19.0,scores_20260930T205050Z_Ridge,2026-10-06T13:29:07.340093+00:00,,,2026-10-06T13:29:07.340093+00:00
2026_11_ARI_KC,27.6,18.1,scores_20260930T205050Z_Ridge,2026-10-06T13:29:07.340093+00:00,,,2026-10-06T13:29:07.340093+00:00
2026_11_BAL_CAR,20.5,27.2,scores_20260930T205050Z_Ridge,2026-10-06T13:29:07.340093+00:00,,,2026-10-06T13:29:07.340093+00:00
2026_11_CIN_WAS,21.6,25.5,scores_20260930T205050Z_Ridge,2026-10-06T13:29:07.340093+00:00,,,2026-10-06T13:29:07.340093+00:00
2026_11_IND_HOU,23.6,20.7,scores_20260930T205050Z_Ridge,2026-10-06T13:29:07.340093+00:00,,,2026-10-06T13:29:07.340093+00:00
2026_11_JAX_NYG,21.6,26.5,scores_20260930T205050Z_Ridge,2026-10-06T13:29:07.340093+00:00,,,2026-10-06T13:29:07.340093+00:00
2026_11_LV_DEN,25.0,19.8,scores_20260930T205050Z_Ridge,2026-10-06T13:29:07.340093+00:00,,,2026-10-06T13:29:07.340093+00:00
2026_11_MIA_BUF,30.7,15.5,scores_20260930T205050Z_Ridge,2026-10-06T13:29:07.340093+00:00,,,2026-10-06T13:29:07.340093+00:00
2026_11_MIN_SF,27.2,16.9,scores_20260930T205050Z_Ridge,2026-10-06T13:29:07.340093+00:00,,,2026-10-06T13:29:07.340093+00:00
2026_11_NO_CHI,30.2,17.1,scores_20260930T205050Z_Ridge,2026-10-06T13:29:07.340093+00:00,,,2026-10-06T13:29:07.340093+00:00
2026_11_NYJ_LAC,23.2,20.6,scores_20260930T205050Z_Ridge,2026-10-06T13:29:07.340093+00:00,,,2026-10-06T13:29:07.340093+00:00
2026_11_PIT_PHI,23.3,19.9,scores_20260930T205050Z_Ridge,2026-10-06T13:29:07.340093+00:00,,,2026-10-06T13:29:07.340093+00:00
2026_11_TB_DET,27.5,24.2,scores_20260930T205050Z_Ridge,2026-10-06T13:29:07.340093+00:00,,,2026-10-06T13:29:07.340093+00:00
2026_11_TEN_DAL,28.7,20.0,scores_20260930T205050Z_Ridge,2026-10-06T13:29:07.340093+00:00,,,2026-10-06T13:29:07.340093+00:00
2026_12_ATL_MIN,22.7,21.1,scores_20260930T205050Z_Ridge,2026-10-06T13:29:07.340093+00:00,,,2026-10-06T13:29:07.340093+00:00
2026_12_BAL_HOU,19.1,27.5,scores_20260930T205050Z_Ridge,2026-10-06T13:29:07.340093+00:00,,,2026-10-06T13:29:07.340093+00:00
2026_12_CAR_TB,25.3,22.7,scores_20260930T205050Z_Ridge,2026-10-06T13:29:07.340093+00:00,,,2026-10-06T13:29:07.340093+00:00
2026_12_CHI_DET,28.6,27.4,scores_20260930T205050Z_Ridge,2026-10-06T13:29:07.340093+00:00,,,2026-10-06T13:29:07.340093+00:00
2026_12_DEN_PIT,20.0,22.0,scores_20260930T205050Z_Ridge,2026-10-06T13:29:07.340093+00:00,,,2026-10-06T13:29:07.340093+00:00
2026_12_GB_LA,26.6,17.3,scores_20260930T205050Z_Ridge,2026-10-06T13:29:07.340093+00:00,,,2026-10-06T13:29:07.340093+00:00
2026_12_KC_BUF,28.0,23.4,scores_20260930T205050Z_Ridge,2026-10-06T13:29:07.340093+00:00,,,2026-10-06T13:29:07.340093+00:00
2026_12_LV_CLE,22.7,23.3,scores_20260930T205050Z_Ridge,2026-10-06T13:29:07.340093+00:00,,,2026-10-06T13:29:07.340093+00:00
2026_12_NE_LAC,19.8,23.0,scores_20260930T205050Z_Ridge,2026-10-06T13:29:07.340093+00:00,,,2026-10-06T13:29:07.340093+00:00
2026_12_NO_CIN,29.8,21.2,scores_20260930T205050Z_Ridge,2026-10-06T13:29:07.340093+00:00,,,2026-10-06T13:29:07.340093+00:00
2026_12_NYG_IND,23.5,20.4,scores_20260930T205050Z_Ridge,2026-10-06T13:29:07.340093+00:00,,,2026-10-06T13:29:07.340093+00:00
2026_12_NYJ_MIA,20.2,22.0,scores_20260930T205050Z_Ridge,2026-10-06T13:29:07.340093+00:00,,,2026-10-06T13:29:07.340093+00:00
2026_12_PHI_DAL,24.0,21.5,scores_20260930T205050Z_Ridge,2026-10-06T13:29:07.340093+00:00,,,2026-10-06T13:29:07.340093+00:00
2026_12_SEA_SF,24.5,19.8,scores_20260930T205050Z_Ridge,2026-10-06T13:29:07.340093+00:00,,,2026-10-06T13:29:07.340093+00:00
2026_12_TEN_JAX,27.0,17.8,scores_20260930T205050Z_Ridge,2026-10-06T13:29:07.340093+00:00,,,2026-10-06T13:29:07.340093+00:00
2026_12_WAS_ARI,23.8,20.8,scores_20260930T205050Z_Ridge,2026-10-06T13:29:07.340093+00:00,,,2026-10-06T13:29:07.340093+00:00
2026_13_BUF_NE,20.9,26.3,scores_20260930T205050Z_Ridge,2026-10-06T13:29:07.340093+00:00,,,2026-10-06T13:29:07.340093+00:00
2026_13_CAR_MIN,26.1,21.6,scores_20260930T205050Z_Ridge,2026-10-06T13:29:07.340093+00:00,,,2026-10-06T13:29:07.340093+00:00
2026_13_CIN_CLE,21.2,25.2,scores_20260930T205050Z_Ridge,2026-10-06T13:29:07.340093+00:00,,,2026-10-06T13:29:07.340093+00:00
2026_13_DAL_SEA,26.6,24.0,scores_20260930T205050Z_Ridge,2026-10-06T13:29:07.340093+00:00,,,2026-10-06T13:29:07.340093+00:00
2026_13_DET_ATL,23.9,24.9,scores_20260930T205050Z_Ridge,2026-10-06T13:29:07.340093+00:00,,,2026-10-06T13:29:07.340093+00:00
2026_13_GB_NO,22.6,22.2,scores_20260930T205050Z_Ridge,2026-10-06T13:29:07.340093+00:00,,,2026-10-06T13:29:07.340093+00:00
2026_13_HOU_PIT,22.9,20.5,scores_20260930T205050Z_Ridge,2026-10-06T13:29:07.340093+00:00,,,2026-10-06T13:29:07.340093+00:00
2026_13_JAX_CHI,27.2,23.1,scores_20260930T205050Z_Ridge,2026-10-06T13:29:07.340093+00:00,,,2026-10-06T13:29:07.340093+00:00
2026_13_KC_LA,24.9,21.7,scores_20260930T205050Z_Ridge,2026-10-06T13:29:07.340093+00:00,,,2026-10-06T13:29:07.340093+00:00
2026_13_LAC_TB,24.7,20.1,scores_20260930T205050Z_Ridge,2026-10-06T13:29:07.340093+00:00,,,2026-10-06T13:29:07.340093+00:00
2026_13_MIA_DEN,27.1,15.9,scores_20260930T205050Z_Ridge,2026-10-06T13:29:07.340093+00:00,,,2026-10-06T13:29:07.340093+00:00
2026_13_PHI_ARI,19.3,23.5,scores_20260930T205050Z_Ridge,2026-10-06T13:29:07.340093+00:00,,,2026-10-06T13:29:07.340093+00:00
2026_13_SF_NYG,20.0,28.0,scores_20260930T205050Z_Ridge,2026-10-06T13:29:07.340093+00:00,,,2026-10-06T13:29:07.340093+00:00
2026_13_WAS_TEN,23.4,19.6,scores_20260930T205050Z_Ridge,2026-10-06T13:29:07.340093+00:00,,,2026-10-06T13:29:07.340093+00:00
2026_14_ATL_CLE,21.1,24.2,scores_20260930T205050Z_Ridge,2026-10-06T13:29:07.340093+00:00,,,2026-10-06T13:29:07.340093+00:00
2026_14_BUF_GB,20.4,29.6,scores_20260930T205050Z_Ridge,2026-10-06T13:29:07.340093+00:00,,,2026-10-06T13:29:07.340093+00:00
2026_14_CHI_MIA,17.7,28.3,scores_20260930T205050Z_Ridge,2026-10-06T13:29:07.340093+00:00,,,2026-10-06T13:29:07.340093+00:00
2026_14_DEN_NYJ,20.0,24.4,scores_20260930T205050Z_Ridge,2026-10-06T13:29:07.340093+00:00,,,2026-10-06T13:29:07.340093+00:00
2026_14_HOU_WAS,22.1,24.5,scores_20260930T205050Z_Ridge,2026-10-06T13:29:07.340093+00:00,,,2026-10-06T13:29:07.340093+00:00
2026_14_IND_PHI,25.1,18.7,scores_20260930T205050Z_Ridge,2026-10-06T13:29:07.340093+00:00,,,2026-10-06T13:29:07.340093+00:00
2026_14_KC_CIN,25.2,25.6,scores_20260930T205050Z_Ridge,2026-10-06T13:29:07.340093+00:00,,,2026-10-06T13:29:07.340093+00:00
2026_14_LAC_LV,23.8,20.1,scores_20260930T205050Z_Ridge,2026-10-06T13:29:07.340093+00:00,,,2026-10-06T13:29:07.340093+00:00
2026_14_LA_SF,26.3,20.6,scores_20260930T205050Z_Ridge,2026-10-06T13:29:07.340093+00:00,,,2026-10-06T13:29:07.340093+00:00
2026_14_MIN_NE,22.2,18.6,scores_20260930T205050Z_Ridge,2026-10-06T13:29:07.340093+00:00,,,2026-10-06T13:29:07.340093+00:00
2026_14_NO_CAR,26.0,20.6,scores_20260930T205050Z_Ridge,2026-10-06T13:29:07.340093+00:00,,,2026-10-06T13:29:07.340093+00:00
2026_14_NYG_SEA,27.4,18.3,scores_20260930T205050Z_Ridge,2026-10-06T13:29:07.340093+00:00,,,2026-10-06T13:29:07.340093+00:00
2026_14_PIT_JAX,25.4,20.2,scores_20260930T205050Z_Ridge,2026-10-06T13:29:07.340093+00:00,,,2026-10-06T13:29:07.340093+00:00
2026_14_TB_BAL,26.6,19.0,scores_20260930T205050Z_Ridge,2026-10-06T13:29:07.340093+00:00,,,2026-10-06T13:29:07.340093+00:00
2026_14_TEN_DET,31.7,22.1,scores_20260930T205050Z_Ridge,2026-10-06T13:29:07.340093+00:00,,,2026-10-06T13:29:07.340093+00:00
2026_15_ATL_WAS,20.6,24.4,scores_20260930T205050Z_Ridge,2026-10-06T13:29:07.340093+00:00,,,2026-10-06T13:29:07.340093+00:00
2026_15_BAL_PIT,17.4,25.3,scores_20260930T205050Z_Ridge,2026-10-06T13:29:07.340093+00:00,,,2026-10-06T13:29:07.340093+00:00
2026_15_CHI_BUF,28.6,23.4,scores_20260930T205050Z_Ridge,2026-10-06T13:29:07.340093+00:00,,,2026-10-06T13:29:07.340093+00:00
2026_15_CIN_CAR,24.4,23.5,scores_20260930T205050Z_Ridge,2026-10-06T13:29:07.340093+00:00,,,2026-10-06T13:29:07.340093+00:00
2026_15_CLE_NYG,24.4,19.5,scores_20260930T205050Z_Ridge,2026-10-06T13:29:07.340093+00:00,,,2026-10-06T13:29:07.340093+00:00
2026_15_DAL_LA,27.2,22.1,scores_20260930T205050Z_Ridge,2026-10-06T13:29:07.340093+00:00,,,2026-10-06T13:29:07.340093+00:00
2026_15_DEN_LV,21.0,23.9,scores_20260930T205050Z_Ridge,2026-10-06T13:29:07.340093+00:00,,,2026-10-06T13:29:07.340093+00:00
2026_15_DET_MIN,23.7,24.6,scores_20260930T205050Z_Ridge,2026-10-06T13:29:07.340093+00:00,,,2026-10-06T13:29:07.340093+00:00
2026_15_IND_TEN,22.9,20.6,scores_20260930T205050Z_Ridge,2026-10-06T13:29:07.340093+00:00,,,2026-10-06T13:29:07.340093+00:00
2026_15_JAX_HOU,21.8,26.8,scores_20260930T205050Z_Ridge,2026-10-06T13:29:07.340093+00:00,,,2026-10-06T13:29:07.340093+00:00
2026_15_MIA_GB,23.8,18.6,scores_20260930T205050Z_Ridge,2026-10-06T13:29:07.340093+00:00,,,2026-10-06T13:29:07.340093+00:00
2026_15_NE_KC,26.5,17.9,scores_20260930T205050Z_Ridge,2026-10-06T13:29:07.340093+00:00,,,2026-10-06T13:29:07.340093+00:00
2026_15_NO_TB,26.2,20.3,scores_20260930T205050Z_Ridge,2026-10-06T13:29:07.340093+00:00,,,2026-10-06T13:29:07.340093+00:00
2026_15_NYJ_ARI,25.1,20.3,scores_20260930T205050Z_Ridge,2026-10-06T13:29:07.340093+00:00,,,2026-10-06T13:29:07.340093+00:00
2026_15_SEA_PHI,21.8,21.7,scores_20260930T205050Z_Ridge,2026-10-06T13:29:07.340093+00:00,,,2026-10-06T13:29:07.340093+00:00
2026_15_SF_LAC,19.5,29.4,scores_20260930T205050Z_Ridge,2026-10-06T13:29:07.340093+00:00,,,2026-10-06T13:29:07.340093+00:00
2026_16_ARI_NO,23.4,22.8,scores_20260930T205050Z_Ridge,2026-10-06T13:29:07.340093+00:00,,,2026-10-06T13:29:07.340093+00:00
2026_16_BUF_DEN,23.7,27.1,scores_20260930T205050Z_Ridge,2026-10-06T13:29:07.340093+00:00,,,2026-10-06T13:29:07.340093+00:00
2026_16_CAR_PIT,23.9,21.4,scores_20260930T205050Z_Ridge,2026-10-06T13:29:07.340093+00:00,,,2026-10-06T13:29:07.340093+00:00
2026_16_CIN_IND,21.9,24.5,scores_20260930T205050Z_Ridge,2026-10-06T13:29:07.340093+00:00,,,2026-10-06T13:29:07.340093+00:00
2026_16_CLE_BAL,30.2,17.1,scores_20260930T205050Z_Ridge,2026-10-06T13:29:07.340093+00:00,,,2026-10-06T13:29:07.340093+00:00
2026_16_GB_CHI,26.7,17.2,scores_20260930T205050Z_Ridge,2026-10-06T13:29:07.340093+00:00,,,2026-10-06T13:29:07.340093+00:00
2026_16_HOU_PHI,25.2,20.5,scores_20260930T205050Z_Ridge,2026-10-06T13:29:07.340093+00:00,,,2026-10-06T13:29:07.340093+00:00
2026_16_JAX_DAL,27.3,26.5,scores_20260930T205050Z_Ridge,2026-10-06T13:29:07.340093+00:00,,,2026-10-06T13:29:07.340093+00:00
2026_16_LAC_MIA,18.9,23.4,scores_20260930T205050Z_Ridge,2026-10-06T13:29:07.340093+00:00,,,2026-10-06T13:29:07.340093+00:00
2026_16_LA_SEA,24.0,22.9,scores_20260930T205050Z_Ridge,2026-10-06T13:29:07.340093+00:00,,,2026-10-06T13:29:07.340093+00:00
2026_16_NE_NYJ,20.5,22.3,scores_20260930T205050Z_Ridge,2026-10-06T13:29:07.340093+00:00,,,2026-10-06T13:29:07.340093+00:00
2026_16_NYG_DET,32.1,21.7,scores_20260930T205050Z_Ridge,2026-10-06T13:29:07.340093+00:00,,,2026-10-06T13:29:07.340093+00:00
2026_16_SF_KC,25.1,24.6,scores_20260930T205050Z_Ridge,2026-10-06T13:29:07.340093+00:00,,,2026-10-06T13:29:07.340093+00:00
2026_16_TB_ATL,21.3,19.6,scores_20260930T205050Z_Ridge,2026-10-06T13:29:07.340093+00:00,,,2026-10-06T13:29:07.340093+00:00
2026_16_TEN_LV,25.2,20.4,scores_20260930T205050Z_Ridge,2026-10-06T13:29:07.340093+00:00,,,2026-10-06T13:29:07.340093+00:00
2026_16_WAS_MIN,25.6,17.4,scores_20260930T205050Z_Ridge,2026-10-06T13:29:07.340093+00:00,,,2026-10-06T13:29:07.340093+00:00
2026_17_BAL_CIN,22.9,27.3,scores_20260930T205050Z_Ridge,2026-10-06T13:29:07.340093+00:00,,,2026-10-06T13:29:07.340093+00:00
2026_17_BUF_MIA,16.5,31.4,scores_20260930T205050Z_Ridge,2026-10-06T13:29:07.340093+00:00,,,2026-10-06T13:29:07.340093+00:00
2026_17_DEN_NE,21.2,21.5,scores_20260930T205050Z_Ridge,2026-10-06T13:29:07.340093+00:00,,,2026-10-06T13:29:07.340093+00:00
2026_17_DET_CHI,26.8,22.8,scores_20260930T205050Z_Ridge,2026-10-06T13:29:07.340093+00:00,,,2026-10-06T13:29:07.340093+00:00
2026_17_HOU_GB,22.3,23.3,scores_20260930T205050Z_Ridge,2026-10-06T13:29:07.340093+00:00,,,2026-10-06T13:29:07.340093+00:00
2026_17_IND_CLE,23.6,22.1,scores_20260930T205050Z_Ridge,2026-10-06T13:29:07.340093+00:00,,,2026-10-06T13:29:07.340093+00:00
2026_17_KC_LAC,18.5,26.3,scores_20260930T205050Z_Ridge,2026-10-06T13:29:07.340093+00:00,,,2026-10-06T13:29:07.340093+00:00
2026_17_LA_TB,23.1,24.3,scores_20260930T205050Z_Ridge,2026-10-06T13:29:07.340093+00:00,,,2026-10-06T13:29:07.340093+00:00
2026_17_LV_ARI,22.9,23.6,scores_20260930T205050Z_Ridge,2026-10-06T13:29:07.340093+00:00,,,2026-10-06T13:29:07.340093+00:00
2026_17_MIN_NYJ,20.3,21.9,scores_20260930T205050Z_Ridge,2026-10-06T13:29:07.340093+00:00,,,2026-10-06T13:29:07.340093+00:00
2026_17_NO_ATL,26.1,18.8,scores_20260930T205050Z_Ridge,2026-10-06T13:29:07.340093+00:00,,,2026-10-06T13:29:07.340093+00:00
2026_17_NYG_DAL,28.5,19.2,scores_20260930T205050Z_Ridge,2026-10-06T13:29:07.340093+00:00,,,2026-10-06T13:29:07.340093+00:00
2026_17_PHI_SF,25.6,17.8,scores_20260930T205050Z_Ridge,2026-10-06T13:29:07.340093+00:00,,,2026-10-06T13:29:07.340093+00:00
2026_17_PIT_TEN,20.9,22.7,scores_20260930T205050Z_Ridge,2026-10-06T13:29:07.340093+00:00,,,2026-10-06T13:29:07.340093+00:00
2026_17_SEA_CAR,21.6,23.5,scores_20260930T205050Z_Ridge,2026-10-06T13:29:07.340093+00:00,,,2026-10-06T13:29:07.340093+00:00
2026_17_WAS_JAX,28.1,17.0,scores_20260930T205050Z_Ridge,2026-10-06T13:29:07.340093+00:00,,,2026-10-06T13:29:07.340093+00:00
2026_18_ATL_CAR,22.7,22.0,scores_20260930T205050Z_Ridge,2026-10-06T13:29:07.340093+00:00,,,2026-10-06T13:29:07.340093+00:00
2026_18_CHI_MIN,22.3,23.4,scores_20260930T205050Z_Ridge,2026-10-06T13:29:07.340093+00:00,,,2026-10-06T13:29:07.340093+00:00
2026_18_CLE_CIN,29.4,19.3,scores_20260930T205050Z_Ridge,2026-10-06T13:29:07.340093+00:00,,,2026-10-06T13:29:07.340093+00:00
2026_18_DAL_WAS,21.8,27.2,scores_20260930T205050Z_Ridge,2026-10-06T13:29:07.340093+00:00,,,2026-10-06T13:29:07.340093+00:00
2026_18_DET_GB,21.0,27.4,scores_20260930T205050Z_Ridge,2026-10-06T13:29:07.340093+00:00,,,2026-10-06T13:29:07.340093+00:00
2026_18_JAX_IND,20.7,27.2,scores_20260930T205050Z_Ridge,2026-10-06T13:29:07.340093+00:00,,,2026-10-06T13:29:07.340093+00:00
2026_18_LAC_DEN,24.6,18.5,scores_20260930T205050Z_Ridge,2026-10-06T13:29:07.340093+00:00,,,2026-10-06T13:29:07.340093+00:00
2026_18_LV_KC,27.0,18.1,scores_20260930T205050Z_Ridge,2026-10-06T13:29:07.340093+00:00,,,2026-10-06T13:29:07.340093+00:00
2026_18_MIA_NE,24.7,15.1,scores_20260930T205050Z_Ridge,2026-10-06T13:29:07.340093+00:00,,,2026-10-06T13:29:07.340093+00:00
2026_18_NYJ_BUF,31.2,16.9,scores_20260930T205050Z_Ridge,2026-10-06T13:29:07.340093+00:00,,,2026-10-06T13:29:07.340093+00:00
2026_18_PHI_NYG,18.2,21.3,scores_20260930T205050Z_Ridge,2026-10-06T13:29:07.340093+00:00,,,2026-10-06T13:29:07.340093+00:00
2026_18_PIT_BAL,26.5,19.4,scores_20260930T205050Z_Ridge,2026-10-06T13:29:07.340093+00:00,,,2026-10-06T13:29:07.340093+00:00
2026_18_SEA_LA,23.4,19.8,scores_20260930T205050Z_Ridge,2026-10-06T13:29:07.340093+00:00,,,2026-10-06T13:29:07.340093+00:00
2026_18_SF_ARI,19.9,29.4,scores_20260930T205050Z_Ridge,2026-10-06T13:29:07.340093+00:00,,,2026-10-06T13:29:07.340093+00:00
2026_18_TB_NO,20.1,22.7,scores_20260930T205050Z_Ridge,2026-10-06T13:29:07.340093+00:00,,,2026-10-06T13:29:07.340093+00:00
2026_18_TEN_HOU,23.1,20.1,scores_20260930T205050Z_Ridge,2026-10-06T13:29:07.340093+00:00,,,2026-10-06T13:29:07.340093+00:00
