game_id,season,game_type,week,gameday,weekday,gametime,away_team,away_score,home_team,home_score,location,result,total,overtime,old_game_id,gsis,nfl_detail_id,pfr,pff,espn,ftn,away_rest,home_rest,away_moneyline,home_moneyline,spread_line,away_spread_odds,home_spread_odds,total_line,under_odds,over_odds,div_game,roof,surface,temp,wind,away_qb_id,home_qb_id,away_qb_name,home_qb_name,away_coach,home_coach,referee,stadium_id,stadium
2026_01_NE_SEA,2026,REG,1,2026-09-09,Wednesday,20:20,NE,10.0,SEA,13.0,Home,3.0,23.0,0.0,2026090900,60178.0,,202609090sea,30606.0,401872656,7019,7,7,140.0,-166.0,3.0,-102.0,-118.0,44.5,-112.0,-108.0,0,outdoors,fieldturf,74.0,6.0,00-0039851,00-0034869,Drake Maye,Sam Darnold,Mike Vrabel,Mike Macdonald,Adrian Hill,SEA00,Lumen Field
2026_01_SF_LA,2026,REG,1,2026-09-10,Thursday,20:35,SF,27.0,LA,7.0,Neutral,-20.0,34.0,0.0,2026091100,60179.0,,202609100ram,30607.0,401872657,7020,7,7,180.0,-218.0,3.5,-105.0,-115.0,47.5,-105.0,-115.0,1,dome,grass,57.0,4.0,00-0037834,00-0026498,Brock Purdy,Matthew Stafford,Kyle Shanahan,Sean McVay,Alex Kemp,MEL00,Melbourne Cricket Ground
2026_01_CHI_CAR,2026,REG,1,2026-09-13,Sunday,13:00,CHI,59.0,CAR,37.0,Home,-22.0,96.0,0.0,2026091300,60180.0,,202609130car,30609.0,401872661,7021,7,7,-166.0,140.0,-3.0,-112.0,-108.0,47.5,-115.0,-105.0,0,outdoors,grass,89.0,2.0,00-0039918,00-0039150,Caleb Williams,Bryce Young,Ben Johnson,Dave Canales,Brad Allen,CAR00,Bank of America Stadium
2026_01_TB_CIN,2026,REG,1,2026-09-13,Sunday,13:00,TB,27.0,CIN,33.0,Home,6.0,60.0,0.0,2026091301,60181.0,,202609130cin,30610.0,401872925,7022,7,7,170.0,-205.0,3.5,-102.0,-118.0,50.5,-112.0,-108.0,0,outdoors,fieldturf,85.0,7.0,00-0034855,00-0036442,Baker Mayfield,Joe Burrow,Todd Bowles,Zac Taylor,John Hussey,CIN00,Paycor Stadium
2026_01_NO_DET,2026,REG,1,2026-09-13,Sunday,13:00,NO,30.0,DET,31.0,Home,1.0,61.0,1.0,2026091302,60182.0,,202609130det,30611.0,401872923,7023,7,7,260.0,-325.0,7.0,-110.0,-110.0,49.5,-105.0,-115.0,0,dome,fieldturf,,,00-0040743,00-0033106,Tyler Shough,Jared Goff,Kellen Moore,Dan Campbell,Alan Eck,DET00,Ford Field
2026_01_BUF_HOU,2026,REG,1,2026-09-13,Sunday,13:00,BUF,36.0,HOU,31.0,Home,-5.0,67.0,0.0,2026091303,60183.0,,202609130htx,30612.0,401872660,7024,7,7,-112.0,-108.0,-1.5,-105.0,-115.0,44.5,-110.0,-110.0,0,closed,astroturf,,,00-0034857,00-0039163,Josh Allen,C.J. Stroud,Sean McDermott,DeMeco Ryans,Alex Moore,HOU00,Reliant Stadium
2026_01_BAL_IND,2026,REG,1,2026-09-13,Sunday,13:00,BAL,41.0,IND,23.0,Home,-18.0,64.0,0.0,2026091304,60184.0,,202609130clt,30613.0,401872659,7025,7,7,-162.0,136.0,-3.0,-108.0,-112.0,48.5,-118.0,-102.0,0,closed,fieldturf,,,00-0034796,00-0035710,Lamar Jackson,Daniel Jones,Jesse Minter,Shane Steichen,Scott Novak,IND00,Lucas Oil Stadium
2026_01_CLE_JAX,2026,REG,1,2026-09-13,Sunday,13:00,CLE,10.0,JAX,34.0,Home,24.0,44.0,0.0,2026091305,60185.0,,202609130jax,30614.0,401872922,7026,7,7,360.0,-470.0,8.5,-105.0,-115.0,40.5,-118.0,-102.0,0,outdoors,grass,89.0,3.0,00-0033537,00-0036971,Deshaun Watson,Trevor Lawrence,Todd Monken,Liam Coen,Craig Wrolstad,JAX00,EverBank Stadium
2026_01_ATL_PIT,2026,REG,1,2026-09-13,Sunday,13:00,ATL,13.0,PIT,20.0,Home,7.0,33.0,0.0,2026091306,60186.0,,202609130pit,30615.0,401872658,7027,7,7,240.0,-298.0,6.5,-108.0,-112.0,40.5,-108.0,-112.0,0,outdoors,grass,77.0,4.0,00-0033662,00-0023459,Cooper Rush,Aaron Rodgers,Raheem Morris,Mike McCarthy,Brad Rogers,PIT00,Acrisure Stadium
2026_01_NYJ_TEN,2026,REG,1,2026-09-13,Sunday,13:00,NYJ,23.0,TEN,10.0,Home,-13.0,33.0,0.0,2026091307,60187.0,,202609130oti,30616.0,401872924,7028,7,7,-102.0,-118.0,1.5,-115.0,-105.0,39.5,-110.0,-110.0,0,outdoors,grass,90.0,2.0,00-0030565,00-0040676,Geno Smith,Cam Ward,Aaron Glenn,Robert Saleh,Land Clark,NAS00,Nissan Stadium
2026_01_ARI_LAC,2026,REG,1,2026-09-13,Sunday,16:25,ARI,26.0,LAC,14.0,Home,-12.0,40.0,0.0,2026091308,60188.0,,202609130sdg,30617.0,401872926,7029,7,7,350.0,-455.0,8.5,-102.0,-118.0,47.5,-118.0,-102.0,0,dome,matrixturf,,,00-0033119,00-0036355,Jacoby Brissett,Justin Herbert,Jonathan Gannon,Jim Harbaugh,Ron Torbert,LAX01,SoFi Stadium
2026_01_MIA_LV,2026,REG,1,2026-09-13,Sunday,16:25,MIA,13.0,LV,27.0,Home,14.0,40.0,0.0,2026091309,60189.0,,202609130rai,30618.0,401872928,7030,7,7,142.0,-170.0,3.0,-110.0,-110.0,40.5,-110.0,-110.0,0,dome,grass,,,00-0038128,00-0029604,Malik Willis,Kirk Cousins,Jeff Hafley,Klint Kubliak,Clete Blakeman,VEG00,Allegiant Stadium
2026_01_GB_MIN,2026,REG,1,2026-09-13,Sunday,16:25,GB,22.0,MIN,39.0,Home,17.0,61.0,0.0,2026091310,60190.0,,202609130min,30619.0,401872927,7031,7,7,105.0,-125.0,1.5,-105.0,-115.0,46.5,-118.0,-102.0,1,dome,sportturf,,,00-0036264,00-0035228,Jordan Love,Kyler Murray,Matt LaFleur,Kevin O'Connell,Shawn Hochuli,MIN01,U.S. Bank Stadium
2026_01_WAS_PHI,2026,REG,1,2026-09-13,Sunday,16:25,WAS,22.0,PHI,24.0,Home,2.0,46.0,0.0,2026091311,60191.0,,202609130phi,30620.0,401872929,7032,7,7,200.0,-245.0,6.0,-110.0,-110.0,43.5,-105.0,-115.0,1,outdoors,grass,82.0,7.0,00-0039910,00-0036389,Jayden Daniels,Jalen Hurts,Dan Quinn,Nick Sirianni,Shawn Smith,PHI00,Lincoln Financial Field
2026_01_DAL_NYG,2026,REG,1,2026-09-13,Sunday,20:20,DAL,20.0,NYG,28.0,Home,8.0,48.0,0.0,2026091312,60192.0,,202609130nyg,30608.0,401872930,7033,7,7,-166.0,140.0,-3.0,-112.0,-108.0,47.5,-105.0,-115.0,1,outdoors,fieldturf,80.0,7.0,00-0033077,00-0040691,Dak Prescott,Jaxson Dart,Brian Schottenheimer,John Harbaugh,Carl Cheffers,NYC01,MetLife Stadium
2026_01_DEN_KC,2026,REG,1,2026-09-14,Monday,20:15,DEN,10.0,KC,31.0,Home,21.0,41.0,0.0,2026091400,60193.0,,202609140kan,30621.0,401872931,7034,7,7,110.0,-130.0,2.5,-112.0,-108.0,42.5,-110.0,-110.0,1,outdoors,grass,91.0,13.0,00-0039732,00-0033873,Bo Nix,Patrick Mahomes,Sean Payton,Andy Reid,Clay Martin,KAN00,GEHA Field at Arrowhead Stadium
2026_02_DET_BUF,2026,REG,2,2026-09-17,Thursday,20:15,DET,31.0,BUF,41.0,Home,10.0,72.0,0.0,2026091700,60194.0,,202609170buf,30635.0,401872932,7035,4,4,195.0,-238.0,5.5,-115.0,-105.0,54.5,-102.0,-118.0,0,outdoors,grass,67.0,4.0,00-0033106,00-0034857,Jared Goff,Josh Allen,Dan Campbell,Sean McDermott,Ron Torbert,BUF00,Highmark Stadium
2026_02_CAR_ATL,2026,REG,2,2026-09-20,Sunday,13:00,CAR,34.0,ATL,3.0,Home,-31.0,37.0,0.0,2026092000,60195.0,,202609200atl,30622.0,401872933,7036,7,7,-155.0,130.0,-2.5,-120.0,100.0,43.5,-110.0,-110.0,1,closed,fieldturf,,,00-0039150,00-0036212,Bryce Young,Tua Tagovailoa,Dave Canales,Raheem Morris,Alex Moore,ATL97,Mercedes-Benz Stadium
2026_02_NO_BAL,2026,REG,2,2026-09-20,Sunday,13:00,NO,24.0,BAL,17.0,Home,-7.0,41.0,0.0,2026092001,60196.0,,202609200rav,30623.0,401872938,7037,7,7,295.0,-375.0,8.5,-115.0,-105.0,45.5,-115.0,-105.0,0,outdoors,grass,79.0,10.0,00-0040743,00-0034796,Tyler Shough,Lamar Jackson,Kellen Moore,Jesse Minter,Clete Blakeman,BAL00,M&T Bank Stadium
2026_02_MIN_CHI,2026,REG,2,2026-09-20,Sunday,13:00,MIN,9.0,CHI,3.0,Home,-6.0,12.0,0.0,2026092002,60197.0,,202609200chi,30624.0,401872937,7038,7,7,180.0,-218.0,4.5,-108.0,-112.0,46.5,-105.0,-115.0,1,outdoors,grass,68.0,8.0,00-0032950,00-0039918,Carson Wentz,Caleb Williams,Kevin O'Connell,Ben Johnson,Land Clark,CHI98,Soldier Field
2026_02_CIN_HOU,2026,REG,2,2026-09-20,Sunday,13:00,CIN,20.0,HOU,6.0,Home,-14.0,26.0,0.0,2026092003,60198.0,,202609200htx,30625.0,401872934,7039,7,7,124.0,-148.0,3.0,-118.0,-102.0,45.5,-110.0,-110.0,0,closed,astroturf,,,00-0036442,00-0039163,Joe Burrow,C.J. Stroud,Zac Taylor,DeMeco Ryans,Adrian Hill,HOU00,Reliant Stadium
2026_02_PIT_NE,2026,REG,2,2026-09-20,Sunday,13:00,PIT,3.0,NE,20.0,Home,17.0,23.0,0.0,2026092004,60199.0,,202609200nwe,30626.0,401872946,7040,7,11,185.0,-225.0,4.5,-102.0,-118.0,41.5,-115.0,-105.0,0,outdoors,fieldturf,63.0,7.0,00-0023459,00-0039851,Aaron Rodgers,Drake Maye,Mike McCarthy,Mike Vrabel,Carl Cheffers,BOS00,Gillette Stadium
2026_02_GB_NYJ,2026,REG,2,2026-09-20,Sunday,13:00,GB,20.0,NYJ,17.0,Home,-3.0,37.0,1.0,2026092005,60200.0,,202609200nyj,30627.0,401872936,7041,7,7,-185.0,154.0,-3.5,-108.0,-112.0,44.5,-110.0,-110.0,0,outdoors,fieldturf,69.0,7.0,00-0036264,00-0030565,Jordan Love,Geno Smith,Matt LaFleur,Aaron Glenn,Scott Novak,NYC01,MetLife Stadium
2026_02_CLE_TB,2026,REG,2,2026-09-20,Sunday,13:00,CLE,23.0,TB,19.0,Home,-4.0,42.0,0.0,2026092006,60201.0,,202609200tam,30628.0,401872935,7042,7,7,330.0,-425.0,8.5,-115.0,-105.0,41.5,-112.0,-108.0,0,outdoors,grass,86.0,4.0,00-0033537,00-0034855,Deshaun Watson,Baker Mayfield,Todd Monken,Todd Bowles,Brad Rogers,TAM00,Raymond James Stadium
2026_02_PHI_TEN,2026,REG,2,2026-09-20,Sunday,13:00,PHI,24.0,TEN,20.0,Home,-4.0,44.0,0.0,2026092007,60202.0,,202609200oti,30629.0,401872939,7043,7,7,-325.0,260.0,-7.0,-115.0,-105.0,39.5,-108.0,-112.0,0,outdoors,grass,92.0,5.0,00-0036389,00-0040676,Jalen Hurts,Cam Ward,Nick Sirianni,Robert Saleh,Clay Martin,NAS00,Nissan Stadium
2026_02_JAX_DEN,2026,REG,2,2026-09-20,Sunday,16:05,JAX,13.0,DEN,20.0,Home,7.0,33.0,0.0,2026092008,60203.0,,202609200den,30630.0,401872940,7044,7,6,124.0,-148.0,2.5,-105.0,-115.0,45.5,-110.0,-110.0,0,outdoors,grass,73.0,12.0,00-0036971,00-0039732,Trevor Lawrence,Bo Nix,Liam Coen,Sean Payton,John Hussey,DEN00,Empower Field at Mile High
2026_02_LV_LAC,2026,REG,2,2026-09-20,Sunday,16:05,LV,26.0,LAC,14.0,Home,-12.0,40.0,0.0,2026092009,60204.0,,202609200sdg,30631.0,401872941,7045,7,7,260.0,-325.0,6.5,102.0,-122.0,43.5,-110.0,-110.0,1,dome,matrixturf,,,00-0029604,00-0036355,Kirk Cousins,Justin Herbert,Klint Kubliak,Jim Harbaugh,Bill Vinovich,LAX01,SoFi Stadium
2026_02_SEA_ARI,2026,REG,2,2026-09-20,Sunday,16:25,SEA,31.0,ARI,7.0,Home,-24.0,38.0,0.0,2026092010,60205.0,,202609200crd,30632.0,401872943,7046,11,7,-218.0,180.0,-3.5,-120.0,100.0,40.5,-105.0,-115.0,1,closed,grass,,,00-0035704,00-0033119,Drew Lock,Jacoby Brissett,Mike Macdonald,Jonathan Gannon,Alan Eck,PHO00,State Farm Stadium
2026_02_WAS_DAL,2026,REG,2,2026-09-20,Sunday,16:25,WAS,20.0,DAL,37.0,Home,17.0,57.0,0.0,2026092011,60206.0,,202609200dal,30633.0,401872944,7047,7,7,180.0,-218.0,3.5,100.0,-120.0,51.5,-115.0,-105.0,1,closed,matrixturf,,,00-0039910,00-0033077,Jayden Daniels,Dak Prescott,Dan Quinn,Brian Schottenheimer,Shawn Hochuli,DAL00,AT&T Stadium
2026_02_MIA_SF,2026,REG,2,2026-09-20,Sunday,16:25,MIA,13.0,SF,35.0,Home,22.0,48.0,0.0,2026092012,60207.0,,202609200sfo,30634.0,401872942,7048,7,10,600.0,-900.0,12.5,-105.0,-115.0,44.5,-105.0,-115.0,0,outdoors,grass,69.0,5.0,00-0038128,00-0037834,Malik Willis,Brock Purdy,Jeff Hafley,Kyle Shanahan,Shawn Smith,SFO01,Levi's Stadium
2026_02_IND_KC,2026,REG,2,2026-09-20,Sunday,20:20,IND,30.0,KC,33.0,Home,3.0,63.0,1.0,2026092013,60208.0,,202609200kan,30636.0,401872945,7049,7,6,215.0,-265.0,6.0,-112.0,-108.0,46.5,-118.0,-102.0,0,outdoors,grass,71.0,10.0,00-0035710,00-0033873,Daniel Jones,Patrick Mahomes,Shane Steichen,Andy Reid,Craig Wrolstad,KAN00,GEHA Field at Arrowhead Stadium
2026_02_NYG_LA,2026,REG,2,2026-09-21,Monday,20:15,NYG,6.0,LA,28.0,Home,22.0,34.0,0.0,2026092100,60209.0,,202609210ram,30637.0,401872947,7050,8,11,240.0,-298.0,6.5,-105.0,-115.0,47.5,-110.0,-110.0,0,dome,matrixturf,,,00-0040691,00-0026498,Jaxson Dart,Matthew Stafford,John Harbaugh,Sean McVay,Brad Allen,LAX01,SoFi Stadium
2026_03_ATL_GB,2026,REG,3,2026-09-24,Thursday,20:15,ATL,35.0,GB,14.0,Home,-21.0,49.0,0.0,2026092400,60210.0,,202609240gnb,30638.0,401872948,7051,4,4,190.0,-230.0,4.5,-108.0,-112.0,43.5,-118.0,-102.0,0,outdoors,grass,61.0,5.0,00-0039917,00-0036264,Michael Penix Jr.,Jordan Love,Raheem Morris,Matt LaFleur,Shawn Smith,GNB00,Lambeau Field
2026_03_LAC_BUF,2026,REG,3,2026-09-27,Sunday,13:00,LAC,16.0,BUF,24.0,Home,8.0,40.0,0.0,2026092700,60211.0,,202609270buf,30639.0,401872953,7052,7,10,260.0,-325.0,7.0,-108.0,-112.0,50.5,-115.0,-105.0,0,outdoors,grass,68.0,12.0,00-0036355,00-0034857,Justin Herbert,Josh Allen,Jim Harbaugh,Sean McDermott,Clete Blakeman,BUF00,Highmark Stadium
2026_03_CAR_CLE,2026,REG,3,2026-09-27,Sunday,13:00,CAR,18.0,CLE,21.0,Home,3.0,39.0,0.0,2026092701,60212.0,,202609270cle,30640.0,401872949,7053,7,7,-135.0,114.0,-2.5,-108.0,-112.0,41.5,-105.0,-115.0,0,outdoors,grass,68.0,12.0,00-0039150,00-0033537,Bryce Young,Deshaun Watson,Dave Canales,Todd Monken,Land Clark,CLE00,Huntington Bank Field
2026_03_NYJ_DET,2026,REG,3,2026-09-27,Sunday,13:00,NYJ,24.0,DET,31.0,Home,7.0,55.0,0.0,2026092702,60213.0,,202609270det,30641.0,401872954,7054,7,10,260.0,-325.0,7.0,-110.0,-110.0,49.5,-110.0,-110.0,0,dome,fieldturf,,,00-0030565,00-0033106,Geno Smith,Jared Goff,Aaron Glenn,Dan Campbell,Brad Rogers,DET00,Ford Field
2026_03_HOU_IND,2026,REG,3,2026-09-27,Sunday,13:00,HOU,17.0,IND,19.0,Home,2.0,36.0,0.0,2026092703,60214.0,,202609270clt,30642.0,401872951,7055,7,7,-125.0,105.0,-1.5,-112.0,-108.0,41.5,-105.0,-115.0,1,open,fieldturf,,,00-0039163,00-0035710,C.J. Stroud,Daniel Jones,DeMeco Ryans,Shane Steichen,Ron Torbert,IND00,Lucas Oil Stadium
2026_03_NE_JAX,2026,REG,3,2026-09-27,Sunday,13:00,NE,6.0,JAX,35.0,Home,29.0,41.0,0.0,2026092704,60215.0,,202609270jax,30643.0,401872957,7056,7,7,136.0,-162.0,3.0,-115.0,-105.0,46.5,-110.0,-110.0,0,outdoors,grass,80.0,7.0,00-0039851,00-0036971,Drake Maye,Trevor Lawrence,Mike Vrabel,Liam Coen,Alex Kemp,JAX00,EverBank Stadium
2026_03_KC_MIA,2026,REG,3,2026-09-27,Sunday,13:00,KC,24.0,MIA,10.0,Home,-14.0,34.0,0.0,2026092705,60216.0,,202609270mia,30644.0,401872952,7057,7,7,-600.0,440.0,-10.0,-108.0,-112.0,45.5,-115.0,-105.0,0,outdoors,grass,86.0,5.0,00-0033873,00-0038128,Patrick Mahomes,Malik Willis,Andy Reid,Jeff Hafley,Alex Moore,MIA00,Hard Rock Stadium
2026_03_TEN_NYG,2026,REG,3,2026-09-27,Sunday,13:00,TEN,7.0,NYG,12.0,Home,5.0,19.0,0.0,2026092706,60217.0,,202609270nyg,30645.0,401872956,7058,7,6,110.0,-130.0,2.5,-110.0,-110.0,37.5,-108.0,-112.0,0,outdoors,fieldturf,62.0,10.0,00-0040676,00-0031503,Cam Ward,Jameis Winston,Robert Saleh,John Harbaugh,Alan Eck,NYC01,MetLife Stadium
2026_03_CIN_PIT,2026,REG,3,2026-09-27,Sunday,13:00,CIN,27.0,PIT,30.0,Home,3.0,57.0,0.0,2026092707,60218.0,,202609270pit,30646.0,401872950,7059,7,7,-180.0,150.0,-3.5,-102.0,-118.0,42.5,-108.0,-112.0,1,outdoors,grass,70.0,12.0,00-0036442,00-0023459,Joe Burrow,Aaron Rodgers,Zac Taylor,Mike McCarthy,Clay Martin,PIT00,Acrisure Stadium
2026_03_SEA_WAS,2026,REG,3,2026-09-27,Sunday,13:00,SEA,31.0,WAS,33.0,Home,2.0,64.0,0.0,2026092708,60219.0,,202609270was,30647.0,401872955,7060,7,7,-410.0,320.0,-8.5,-105.0,-115.0,40.5,-112.0,-108.0,0,outdoors,grass,63.0,13.0,00-0035704,00-0039910,Drew Lock,Jayden Daniels,Mike Macdonald,Dan Quinn,Carl Cheffers,WAS00,Northwest Stadium
2026_03_ARI_SF,2026,REG,3,2026-09-27,Sunday,16:05,ARI,30.0,SF,36.0,Home,6.0,66.0,0.0,2026092709,60220.0,,202609270sfo,30648.0,401872958,7061,7,7,310.0,-395.0,7.5,-110.0,-110.0,48.5,-108.0,-112.0,1,outdoors,grass,70.0,4.0,00-0033119,00-0037834,Jacoby Brissett,Brock Purdy,Jonathan Gannon,Kyle Shanahan,Brad Allen,SFO01,Levi's Stadium
2026_03_MIN_TB,2026,REG,3,2026-09-27,Sunday,16:05,MIN,23.0,TB,16.0,Home,-7.0,39.0,0.0,2026092710,60221.0,,202609270tam,30649.0,401872959,7062,7,7,-112.0,-108.0,-1.5,-102.0,-118.0,42.5,-108.0,-112.0,0,outdoors,grass,84.0,7.0,00-0035228,00-0034855,Kyler Murray,Baker Mayfield,Kevin O'Connell,Todd Bowles,Scott Novak,TAM00,Raymond James Stadium
2026_03_BAL_DAL,2026,REG,3,2026-09-27,Sunday,16:25,BAL,34.0,DAL,31.0,Neutral,-3.0,65.0,0.0,2026092711,60222.0,,202609270dal,30650.0,401872960,7063,7,7,-170.0,142.0,-3.0,-120.0,100.0,53.5,100.0,-120.0,0,open,grass,77.0,7.0,00-0034796,00-0033077,Lamar Jackson,Dak Prescott,Jesse Minter,Brian Schottenheimer,John Hussey,RIO00,Maracana Stadium
2026_03_LV_NO,2026,REG,3,2026-09-27,Sunday,16:25,LV,35.0,NO,27.0,Home,-8.0,62.0,0.0,2026092712,60223.0,,202609270nor,30651.0,401872961,7064,7,7,160.0,-192.0,3.5,-112.0,-108.0,43.5,-102.0,-118.0,0,dome,sportturf,,,00-0029604,00-0040743,Kirk Cousins,Tyler Shough,Klint Kubliak,Kellen Moore,Adrian Hill,NOR00,Caesars Superdome
2026_03_LA_DEN,2026,REG,3,2026-09-27,Sunday,20:20,LA,26.0,DEN,30.0,Home,4.0,56.0,0.0,2026092713,60224.0,,202609270den,30652.0,401872962,7065,6,7,-108.0,-112.0,1.5,-122.0,102.0,43.5,-105.0,-115.0,0,outdoors,grass,83.0,10.0,00-0026498,00-0039732,Matthew Stafford,Bo Nix,Sean McVay,Sean Payton,Bill Vinovich,DEN00,Empower Field at Mile High
2026_03_PHI_CHI,2026,REG,3,2026-09-28,Monday,20:15,PHI,7.0,CHI,27.0,Home,20.0,34.0,0.0,2026092800,60225.0,,202609280chi,30653.0,401872963,7066,8,8,-198.0,164.0,-3.5,-112.0,-108.0,42.5,-112.0,-108.0,0,outdoors,grass,64.0,3.0,00-0036389,00-0028986,Jalen Hurts,Case Keenum,Nick Sirianni,Ben Johnson,Shawn Hochuli,CHI98,Soldier Field
2026_04_PIT_CLE,2026,REG,4,2026-10-01,Thursday,20:15,PIT,24.0,CLE,27.0,Home,3.0,51.0,0.0,2026100100,60226.0,,202610010cle,,401872964,7067,4,4,-148.0,124.0,-2.5,-120.0,100.0,38.5,-115.0,-105.0,1,outdoors,grass,77.0,11.0,00-0023459,00-0033537,Aaron Rodgers,Deshaun Watson,Mike McCarthy,Todd Monken,Clete Blakeman,CLE00,Huntington Bank Field
2026_04_IND_WAS,2026,REG,4,2026-10-04,Sunday,09:30,IND,30.0,WAS,13.0,Neutral,-17.0,43.0,0.0,2026100400,60227.0,,202610040was,,401872965,7068,7,7,-230.0,190.0,-4.5,-118.0,-102.0,46.5,-112.0,-108.0,0,outdoors,grass,70.0,7.0,00-0035710,00-0032268,Daniel Jones,Marcus Mariota,Shane Steichen,Dan Quinn,Alan Eck,LON02,Tottenham Hotspur Stadium
2026_04_TEN_BAL,2026,REG,4,2026-10-04,Sunday,13:00,TEN,18.0,BAL,24.0,Home,6.0,42.0,0.0,2026100401,60228.0,,202610040rav,,401872973,7069,7,7,550.0,-800.0,11.5,-110.0,-110.0,42.5,-115.0,-105.0,0,outdoors,grass,62.0,6.0,00-0040676,00-0034796,Cam Ward,Lamar Jackson,Robert Saleh,Jesse Minter,Shawn Hochuli,BAL00,M&T Bank Stadium
2026_04_NE_BUF,2026,REG,4,2026-10-04,Sunday,13:00,NE,29.0,BUF,26.0,Home,-3.0,55.0,0.0,2026100402,60229.0,,202610040buf,,401872971,7070,7,7,275.0,-345.0,7.0,-110.0,-110.0,49.5,-112.0,-108.0,1,outdoors,grass,69.0,11.0,00-0039851,00-0034857,Drake Maye,Josh Allen,Mike Vrabel,Sean McDermott,Bill Vinovich,BUF00,Highmark Stadium
2026_04_NYJ_CHI,2026,REG,4,2026-10-04,Sunday,13:00,NYJ,12.0,CHI,23.0,Home,11.0,35.0,0.0,2026100403,60230.0,,202610040chi,,401872972,7071,7,6,160.0,-192.0,3.5,-110.0,-110.0,43.5,-110.0,-110.0,0,outdoors,grass,72.0,3.0,00-0030565,00-0028986,Geno Smith,Case Keenum,Aaron Glenn,Ben Johnson,Carl Cheffers,CHI98,Soldier Field
2026_04_JAX_CIN,2026,REG,4,2026-10-04,Sunday,13:00,JAX,22.0,CIN,17.0,Home,-5.0,39.0,0.0,2026100404,60231.0,,202610040cin,,401872969,7072,7,7,124.0,-148.0,2.5,-102.0,-118.0,51.5,-110.0,-110.0,0,outdoors,fieldturf,70.0,4.0,00-0036971,00-0036442,Trevor Lawrence,Joe Burrow,Liam Coen,Zac Taylor,Alex Moore,CIN00,Paycor Stadium
2026_04_DAL_HOU,2026,REG,4,2026-10-04,Sunday,13:00,DAL,34.0,HOU,30.0,Home,-4.0,64.0,0.0,2026100405,60232.0,,202610040htx,,401872967,7073,7,7,130.0,-155.0,3.0,-115.0,-105.0,48.5,-108.0,-112.0,0,closed,astroturf,,,00-0033077,00-0039163,Dak Prescott,C.J. Stroud,Brian Schottenheimer,DeMeco Ryans,Brad Allen,HOU00,Reliant Stadium
2026_04_ARI_NYG,2026,REG,4,2026-10-04,Sunday,13:00,ARI,24.0,NYG,36.0,Home,12.0,60.0,0.0,2026100406,60233.0,,202610040nyg,,401872966,7074,7,7,-135.0,114.0,-2.5,-110.0,-110.0,44.5,-115.0,-105.0,0,outdoors,fieldturf,63.0,9.0,00-0033119,00-0031503,Jacoby Brissett,Jameis Winston,Jonathan Gannon,John Harbaugh,Shawn Smith,NYC01,MetLife Stadium
2026_04_LA_PHI,2026,REG,4,2026-10-04,Sunday,13:00,LA,24.0,PHI,20.0,Home,-4.0,44.0,0.0,2026100407,60234.0,,202610040phi,,401872970,7075,7,6,-198.0,164.0,-3.5,-120.0,100.0,42.5,100.0,-120.0,0,outdoors,grass,62.0,9.0,00-0026498,00-0036389,Matthew Stafford,Jalen Hurts,Sean McVay,Nick Sirianni,Craig Wrolstad,PHI00,Lincoln Financial Field
2026_04_GB_TB,2026,REG,4,2026-10-04,Sunday,13:00,GB,17.0,TB,14.0,Home,-3.0,31.0,0.0,2026100408,60235.0,,202610040tam,,401872968,7076,10,7,-155.0,130.0,-3.0,-105.0,-115.0,38.5,-105.0,-115.0,0,outdoors,grass,86.0,3.0,00-0036264,00-0041251,Jordan Love,Jalon Daniels,Matt LaFleur,Todd Bowles,Alex Kemp,TAM00,Raymond James Stadium
2026_04_MIA_MIN,2026,REG,4,2026-10-04,Sunday,16:05,MIA,10.0,MIN,15.0,Home,5.0,25.0,0.0,2026100409,60236.0,,202610040min,,401872974,7077,7,7,400.0,-535.0,10.0,-115.0,-105.0,38.5,-112.0,-108.0,0,dome,sportturf,,,00-0038128,00-0035228,Malik Willis,Kyler Murray,Jeff Hafley,Kevin O'Connell,Adrian Hill,MIN01,U.S. Bank Stadium
2026_04_KC_LV,2026,REG,4,2026-10-04,Sunday,16:25,KC,30.0,LV,27.0,Home,-3.0,57.0,0.0,2026100410,60237.0,,202610040rai,,401872976,7078,7,7,-225.0,185.0,-4.5,-120.0,100.0,47.5,-115.0,-105.0,1,dome,grass,,,00-0033873,00-0029604,Patrick Mahomes,Kirk Cousins,Andy Reid,Klint Kubliak,Brad Rogers,VEG00,Allegiant Stadium
2026_04_LAC_SEA,2026,REG,4,2026-10-04,Sunday,16:25,LAC,23.0,SEA,30.0,Home,7.0,53.0,0.0,2026100411,60238.0,,202610040sea,,401872977,7079,7,7,275.0,-345.0,7.0,-112.0,-108.0,42.5,-102.0,-118.0,0,outdoors,fieldturf,63.0,3.0,00-0036355,00-0035704,Justin Herbert,Drew Lock,Jim Harbaugh,Mike Macdonald,Scott Novak,SEA00,Lumen Field
2026_04_DEN_SF,2026,REG,4,2026-10-04,Sunday,16:25,DEN,14.0,SF,24.0,Home,10.0,38.0,0.0,2026100412,60239.0,,202610040sfo,,401872975,7080,7,7,140.0,-166.0,3.0,-115.0,-105.0,48.5,-115.0,-105.0,0,outdoors,grass,87.0,4.0,00-0039732,00-0037834,Bo Nix,Brock Purdy,Sean Payton,Kyle Shanahan,Ron Torbert,SFO01,Levi's Stadium
2026_04_DET_CAR,2026,REG,4,2026-10-04,Sunday,20:20,DET,26.0,CAR,32.0,Home,6.0,58.0,0.0,2026100413,60240.0,,202610040car,,401872978,7081,7,7,-225.0,185.0,-4.5,-105.0,-115.0,52.5,-115.0,-105.0,0,outdoors,grass,66.0,2.0,00-0033106,00-0039150,Jared Goff,Bryce Young,Dan Campbell,Dave Canales,Clay Martin,CAR00,Bank of America Stadium
2026_04_ATL_NO,2026,REG,4,2026-10-05,Monday,20:15,ATL,45.0,NO,24.0,Home,-21.0,69.0,0.0,2026100500,60241.0,,202610050nor,,401872979,7082,11,8,-102.0,-118.0,1.5,-120.0,100.0,47.5,-108.0,-112.0,1,dome,sportturf,,,00-0039917,00-0040743,Michael Penix Jr.,Tyler Shough,Raheem Morris,Kellen Moore,Land Clark,NOR00,Caesars Superdome
